nombre_a,hp_a,ataque_a,defensa_a,velocidad_a,nombre_b,hp_b,ataque_b,defensa_b,velocidad_b,gano_a,turnos,dano_a,dano_b
Hulk,220,230,180,80,Pikachu,80,130,60,200,1,1,159,1
Charizard,130,180,130,167,Hulk,220,230,180,80,0,2,2,193
China,255,255,170,10,Pikachu,80,130,60,200,1,1,179,1
Batman,100,110,130,90,Hulk,220,230,180,80,0,2,2,192
Charizard,130,180,130,167,China,255,255,170,10,0,1,10,137
Pikachu,80,130,60,200,Charizard,130,180,130,167,0,1,1,114
Charizard,130,180,130,167,Hulk,220,230,180,80,0,2,2,183
Mexico,200,150,40,30,Batman,100,110,130,90,0,3,35,213
Pikachu,80,130,60,200,Batman,100,110,130,90,0,2,2,100
Charizard,130,180,130,167,Pikachu,80,130,60,200,1,1,110,1
Mexico,200,150,40,30,Pikachu,80,130,60,200,1,1,100,100
China,255,255,170,10,Mexico,200,150,40,30,1,1,237,1
Charizard,130,180,130,167,Mexico,200,150,40,30,1,2,282,21
Hulk,220,230,180,80,Pikachu,80,130,60,200,1,1,153,1
Hulk,220,230,180,80,Charizard,130,180,130,167,1,2,200,2
Batman,100,110,130,90,Charizard,130,180,130,167,0,2,1,107
Charizard,130,180,130,167,Pikachu,80,130,60,200,1,1,116,1
Pikachu,80,130,60,200,Charizard,130,180,130,167,0,1,1,122
Hulk,220,230,180,80,Mexico,200,150,40,30,1,2,386,1
Hulk,220,230,180,80,China,255,255,170,10,0,4,244,288
Charizard,130,180,130,167,Batman,100,110,130,90,1,2,105,1
Charizard,130,180,130,167,Hulk,220,230,180,80,0,2,2,194
China,255,255,170,10,Batman,100,110,130,90,1,1,127,1
Pikachu,80,130,60,200,Hulk,220,230,180,80,0,1,1,172
Mexico,200,150,40,30,Hulk,220,230,180,80,0,2,1,355
Hulk,220,230,180,80,Mexico,200,150,40,30,1,1,217,0
Charizard,130,180,130,167,Batman,100,110,130,90,1,2,103,1
Hulk,220,230,180,80,Batman,100,110,130,90,1,2,191,2
Batman,100,110,130,90,Pikachu,80,130,60,200,1,2,98,2
Mexico,200,150,40,30,Charizard,130,180,130,167,0,2,22,280
Pikachu,80,130,60,200,China,255,255,170,10,0,1,1,223
Batman,100,110,130,90,Charizard,130,180,130,167,0,3,2,151
China,255,255,170,10,Charizard,130,180,130,167,1,1,135,11
Hulk,220,230,180,80,Charizard,130,180,130,167,1,2,193,2
Batman,100,110,130,90,China,255,255,170,10,0,1,1,115
Mexico,200,150,40,30,Pikachu,80,130,60,200,1,1,83,92
Charizard,130,180,130,167,Pikachu,80,130,60,200,1,1,125,1
Charizard,130,180,130,167,Pikachu,80,130,60,200,1,1,133,1
Pikachu,80,130,60,200,Batman,100,110,130,90,0,2,2,97
Batman,100,110,130,90,Hulk,220,230,180,80,0,1,1,109
China,255,255,170,10,Charizard,130,180,130,167,1,1,131,9
Mexico,200,150,40,30,China,255,255,170,10,0,1,1,238
Pikachu,80,130,60,200,Hulk,220,230,180,80,0,1,1,182
Pikachu,80,130,60,200,Charizard,130,180,130,167,0,1,1,121
Charizard,130,180,130,167,China,255,255,170,10,0,2,20,233
Batman,100,110,130,90,Pikachu,80,130,60,200,1,2,114,2
Charizard,130,180,130,167,Hulk,220,230,180,80,0,2,2,211
Charizard,130,180,130,167,China,255,255,170,10,0,2,20,257
Mexico,200,150,40,30,China,255,255,170,10,0,1,1,230
Batman,100,110,130,90,China,255,255,170,10,0,1,1,117
Pikachu,80,130,60,200,Batman,100,110,130,90,0,2,2,86
China,255,255,170,10,Batman,100,110,130,90,1,1,126,1
Pikachu,80,130,60,200,Batman,100,110,130,90,0,2,2,98
Charizard,130,180,130,167,China,255,255,170,10,0,1,9,140
Charizard,130,180,130,167,Batman,100,110,130,90,1,2,100,1
Batman,100,110,130,90,Hulk,220,230,180,80,0,1,1,113
Charizard,130,180,130,167,Mexico,200,150,40,30,1,2,276,19
Mexico,200,150,40,30,China,255,255,170,10,0,1,1,231
Pikachu,80,130,60,200,Hulk,220,230,180,80,0,1,1,195
Pikachu,80,130,60,200,Hulk,220,230,180,80,0,1,1,170
Charizard,130,180,130,167,Mexico,200,150,40,30,1,2,291,22
Charizard,130,180,130,167,China,255,255,170,10,0,1,11,133
Batman,100,110,130,90,Hulk,220,230,180,80,0,1,1,110
Mexico,200,150,40,30,Pikachu,80,130,60,200,1,1,80,102
Pikachu,80,130,60,200,Hulk,220,230,180,80,0,1,1,152
Mexico,200,150,40,30,Batman,100,110,130,90,0,3,41,208
Mexico,200,150,40,30,Pikachu,80,130,60,200,1,1,88,79
Mexico,200,150,40,30,Pikachu,80,130,60,200,1,1,97,77
Hulk,220,230,180,80,Mexico,200,150,40,30,1,2,373,1
Batman,100,110,130,90,Pikachu,80,130,60,200,1,2,102,2
Pikachu,80,130,60,200,Mexico,200,150,40,30,0,1,92,80
Charizard,130,180,130,167,Pikachu,80,130,60,200,1,1,134,1
Pikachu,80,130,60,200,Mexico,200,150,40,30,0,1,82,83
Pikachu,80,130,60,200,Mexico,200,150,40,30,0,1,98,100
China,255,255,170,10,Batman,100,110,130,90,1,1,141,1
Charizard,130,180,130,167,Hulk,220,230,180,80,0,2,2,195
Hulk,220,230,180,80,Mexico,200,150,40,30,1,1,206,0
China,255,255,170,10,Charizard,130,180,130,167,1,1,136,9
Pikachu,80,130,60,200,China,255,255,170,10,0,1,1,216
Charizard,130,180,130,167,Hulk,220,230,180,80,0,2,2,208
Charizard,130,180,130,167,Hulk,220,230,180,80,0,2,2,202
Mexico,200,150,40,30,Hulk,220,230,180,80,0,2,1,415
Batman,100,110,130,90,Mexico,200,150,40,30,1,3,239,36
Mexico,200,150,40,30,Pikachu,80,130,60,200,1,1,88,79
Hulk,220,230,180,80,Mexico,200,150,40,30,1,2,354,1
Batman,100,110,130,90,Charizard,130,180,130,167,0,3,2,140
Hulk,220,230,180,80,Charizard,130,180,130,167,1,2,182,2
Mexico,200,150,40,30,Pikachu,80,130,60,200,1,1,85,96
Mexico,200,150,40,30,China,255,255,170,10,0,1,1,228
Batman,100,110,130,90,Charizard,130,180,130,167,0,3,2,138
Batman,100,110,130,90,Mexico,200,150,40,30,1,3,210,40
Batman,100,110,130,90,Mexico,200,150,40,30,1,3,211,40
Hulk,220,230,180,80,Charizard,130,180,130,167,1,2,198,2
Pikachu,80,130,60,200,Charizard,130,180,130,167,0,1,1,110
Charizard,130,180,130,167,Hulk,220,230,180,80,0,2,2,202
Pikachu,80,130,60,200,China,255,255,170,10,0,1,1,203
Charizard,130,180,130,167,China,255,255,170,10,0,2,20,221
Pikachu,80,130,60,200,China,255,255,170,10,0,1,1,213
Hulk,220,230,180,80,Batman,100,110,130,90,1,1,102,1
Pikachu,80,130,60,200,China,255,255,170,10,0,1,1,193
Batman,100,110,130,90,Hulk,220,230,180,80,0,1,1,114
China,255,255,170,10,Batman,100,110,130,90,1,1,140,1
China,255,255,170,10,Batman,100,110,130,90,1,1,112,1
China,255,255,170,10,Hulk,220,230,180,80,1,3,228,178
Mexico,200,150,40,30,China,255,255,170,10,0,1,1,201
Mexico,200,150,40,30,Hulk,220,230,180,80,0,2,1,349
Charizard,130,180,130,167,China,255,255,170,10,0,1,11,133
Pikachu,80,130,60,200,China,255,255,170,10,0,1,1,197
China,255,255,170,10,Pikachu,80,130,60,200,1,1,190,1
Batman,100,110,130,90,Pikachu,80,130,60,200,1,2,97,2
Mexico,200,150,40,30,Hulk,220,230,180,80,0,1,0,204
China,255,255,170,10,Batman,100,110,130,90,1,1,127,1
Batman,100,110,130,90,Charizard,130,180,130,167,0,2,1,100
China,255,255,170,10,Mexico,200,150,40,30,1,1,234,1
Hulk,220,230,180,80,Charizard,130,180,130,167,1,2,214,2
China,255,255,170,10,Batman,100,110,130,90,1,1,107,1
Hulk,220,230,180,80,China,255,255,170,10,0,4,225,289
China,255,255,170,10,Mexico,200,150,40,30,1,1,213,1
Hulk,220,230,180,80,Batman,100,110,130,90,1,1,114,1
Charizard,130,180,130,167,Pikachu,80,130,60,200,1,1,125,1
Pikachu,80,130,60,200,Charizard,130,180,130,167,0,1,1,103
Charizard,130,180,130,167,Hulk,220,230,180,80,0,2,2,197
Hulk,220,230,180,80,Mexico,200,150,40,30,1,1,205,0
Charizard,130,180,130,167,Batman,100,110,130,90,1,3,153,2
Pikachu,80,130,60,200,Batman,100,110,130,90,0,2,2,104
China,255,255,170,10,Charizard,130,180,130,167,1,1,132,9
Hulk,220,230,180,80,Charizard,130,180,130,167,1,2,211,2
Pikachu,80,130,60,200,Batman,100,110,130,90,0,2,2,96
Batman,100,110,130,90,Mexico,200,150,40,30,1,4,266,62
Charizard,130,180,130,167,China,255,255,170,10,0,2,19,255
Batman,100,110,130,90,China,255,255,170,10,0,1,1,137
Batman,100,110,130,90,Mexico,200,150,40,30,1,3,214,37
China,255,255,170,10,Batman,100,110,130,90,1,1,120,1
Pikachu,80,130,60,200,China,255,255,170,10,0,1,1,176
Charizard,130,180,130,167,Mexico,200,150,40,30,1,2,309,19
Hulk,220,230,180,80,Mexico,200,150,40,30,1,2,365,1
Charizard,130,180,130,167,China,255,255,170,10,0,1,10,135
Hulk,220,230,180,80,China,255,255,170,10,0,3,183,220
Mexico,200,150,40,30,Batman,100,110,130,90,0,3,43,205
Mexico,200,150,40,30,China,255,255,170,10,0,2,2,394
Pikachu,80,130,60,200,Batman,100,110,130,90,0,2,2,107
Mexico,200,150,40,30,Batman,100,110,130,90,0,3,38,209
Charizard,130,180,130,167,Mexico,200,150,40,30,1,2,268,17
Mexico,200,150,40,30,Pikachu,80,130,60,200,1,1,91,103
Hulk,220,230,180,80,Charizard,130,180,130,167,1,2,193,2
Mexico,200,150,40,30,China,255,255,170,10,0,1,1,205
Pikachu,80,130,60,200,Mexico,200,150,40,30,0,1,102,89
Pikachu,80,130,60,200,China,255,255,170,10,0,1,1,200
Hulk,220,230,180,80,Pikachu,80,130,60,200,1,1,186,1
Mexico,200,150,40,30,Pikachu,80,130,60,200,1,1,80,103
China,255,255,170,10,Batman,100,110,130,90,1,1,129,1
Batman,100,110,130,90,China,255,255,170,10,0,1,1,123
Batman,100,110,130,90,China,255,255,170,10,0,1,1,130
Batman,100,110,130,90,Pikachu,80,130,60,200,1,2,98,2
Charizard,130,180,130,167,Hulk,220,230,180,80,0,2,2,186
Batman,100,110,130,90,China,255,255,170,10,0,1,1,115
Hulk,220,230,180,80,Mexico,200,150,40,30,1,1,202,0
China,255,255,170,10,Pikachu,80,130,60,200,1,1,220,1
Hulk,220,230,180,80,Batman,100,110,130,90,1,1,113,1
China,255,255,170,10,Pikachu,80,130,60,200,1,1,204,1
Mexico,200,150,40,30,Charizard,130,180,130,167,0,2,18,254
Hulk,220,230,180,80,Batman,100,110,130,90,1,2,192,2
China,255,255,170,10,Mexico,200,150,40,30,1,1,215,1
Pikachu,80,130,60,200,Batman,100,110,130,90,0,2,2,95
Pikachu,80,130,60,200,Charizard,130,180,130,167,0,1,1,132
Batman,100,110,130,90,Hulk,220,230,180,80,0,1,1,115
Hulk,220,230,180,80,Mexico,200,150,40,30,1,2,365,1
Batman,100,110,130,90,China,255,255,170,10,0,1,1,113
Batman,100,110,130,90,China,255,255,170,10,0,1,1,125
Pikachu,80,130,60,200,China,255,255,170,10,0,1,1,185
Hulk,220,230,180,80,Pikachu,80,130,60,200,1,1,161,1
Hulk,220,230,180,80,China,255,255,170,10,0,3,181,232
Mexico,200,150,40,30,Pikachu,80,130,60,200,1,1,87,103
Batman,100,110,130,90,Pikachu,80,130,60,200,1,2,96,2
Mexico,200,150,40,30,Batman,100,110,130,90,0,3,39,221
Mexico,200,150,40,30,China,255,255,170,10,0,1,1,214
Pikachu,80,130,60,200,Batman,100,110,130,90,0,2,2,96
China,255,255,170,10,Pikachu,80,130,60,200,1,1,215,1
Pikachu,80,130,60,200,China,255,255,170,10,0,1,1,204
Charizard,130,180,130,167,China,255,255,170,10,0,2,22,239
China,255,255,170,10,Hulk,220,230,180,80,1,3,244,173
Pikachu,80,130,60,200,Mexico,200,150,40,30,0,1,97,100
Mexico,200,150,40,30,Batman,100,110,130,90,0,3,39,212
Hulk,220,230,180,80,China,255,255,170,10,1,4,260,217
Charizard,130,180,130,167,Hulk,220,230,180,80,0,2,2,178
Hulk,220,230,180,80,China,255,255,170,10,0,3,188,247
China,255,255,170,10,Pikachu,80,130,60,200,1,1,222,1
Mexico,200,150,40,30,Pikachu,80,130,60,200,1,1,88,100
Batman,100,110,130,90,China,255,255,170,10,0,1,1,112
Hulk,220,230,180,80,Charizard,130,180,130,167,1,2,212,2
China,255,255,170,10,Pikachu,80,130,60,200,1,1,216,1
Batman,100,110,130,90,China,255,255,170,10,0,1,1,130
China,255,255,170,10,Batman,100,110,130,90,1,1,109,1
Hulk,220,230,180,80,Mexico,200,150,40,30,1,1,218,0
Hulk,220,230,180,80,Pikachu,80,130,60,200,1,1,150,1
Hulk,220,230,180,80,Pikachu,80,130,60,200,1,1,180,1
Pikachu,80,130,60,200,Hulk,220,230,180,80,0,1,1,147
Mexico,200,150,40,30,Hulk,220,230,180,80,0,2,1,371
Hulk,220,230,180,80,Charizard,130,180,130,167,1,2,191,2
Charizard,130,180,130,167,China,255,255,170,10,0,2,21,228
Mexico,200,150,40,30,Pikachu,80,130,60,200,1,1,89,101
Mexico,200,150,40,30,Batman,100,110,130,90,0,3,41,203
China,255,255,170,10,Mexico,200,150,40,30,1,1,202,1
China,255,255,170,10,Hulk,220,230,180,80,1,4,279,240
Pikachu,80,130,60,200,Batman,100,110,130,90,0,2,2,110
Hulk,220,230,180,80,China,255,255,170,10,0,3,196,222
Charizard,130,180,130,167,Batman,100,110,130,90,1,2,100,1
Hulk,220,230,180,80,Charizard,130,180,130,167,1,2,206,2
China,255,255,170,10,Pikachu,80,130,60,200,1,1,209,1
Pikachu,80,130,60,200,Mexico,200,150,40,30,0,1,85,88
Charizard,130,180,130,167,Hulk,220,230,180,80,0,2,2,211
Mexico,200,150,40,30,Charizard,130,180,130,167,0,2,22,269
Mexico,200,150,40,30,Hulk,220,230,180,80,0,1,0,207
China,255,255,170,10,Pikachu,80,130,60,200,1,1,222,1
Hulk,220,230,180,80,China,255,255,170,10,0,3,177,240
China,255,255,170,10,Mexico,200,150,40,30,1,1,226,1
Batman,100,110,130,90,China,255,255,170,10,0,1,1,142
Pikachu,80,130,60,200,Charizard,130,180,130,167,0,1,1,124
Batman,100,110,130,90,Mexico,200,150,40,30,1,3,219,40
Mexico,200,150,40,30,China,255,255,170,10,0,2,2,433
Pikachu,80,130,60,200,Hulk,220,230,180,80,0,1,1,172
China,255,255,170,10,Hulk,220,230,180,80,1,3,241,184
China,255,255,170,10,Pikachu,80,130,60,200,1,1,202,1
Mexico,200,150,40,30,Pikachu,80,130,60,200,1,1,82,95
China,255,255,170,10,Charizard,130,180,130,167,1,2,237,22
Hulk,220,230,180,80,Mexico,200,150,40,30,1,2,382,1
China,255,255,170,10,Pikachu,80,130,60,200,1,1,203,1
Batman,100,110,130,90,Pikachu,80,130,60,200,1,2,102,2
Charizard,130,180,130,167,Pikachu,80,130,60,200,1,1,122,1
Batman,100,110,130,90,Charizard,130,180,130,167,0,2,1,109
Batman,100,110,130,90,Pikachu,80,130,60,200,1,2,108,2
Charizard,130,180,130,167,Pikachu,80,130,60,200,1,1,103,1
Pikachu,80,130,60,200,Mexico,200,150,40,30,0,1,98,83
Mexico,200,150,40,30,Pikachu,80,130,60,200,1,2,169,178
Hulk,220,230,180,80,Pikachu,80,130,60,200,1,1,184,1
Batman,100,110,130,90,Hulk,220,230,180,80,0,1,1,100
Batman,100,110,130,90,Pikachu,80,130,60,200,1,2,103,2
Hulk,220,230,180,80,Pikachu,80,130,60,200,1,1,169,1
China,255,255,170,10,Hulk,220,230,180,80,1,4,287,234
Hulk,220,230,180,80,Batman,100,110,130,90,1,2,196,2
China,255,255,170,10,Batman,100,110,130,90,1,1,110,1
Hulk,220,230,180,80,Pikachu,80,130,60,200,1,1,178,1
Batman,100,110,130,90,Charizard,130,180,130,167,0,3,2,146
Hulk,220,230,180,80,Pikachu,80,130,60,200,1,1,160,1
Mexico,200,150,40,30,Hulk,220,230,180,80,0,1,0,216
Hulk,220,230,180,80,China,255,255,170,10,0,3,169,230
Batman,100,110,130,90,Pikachu,80,130,60,200,1,2,95,2
Mexico,200,150,40,30,China,255,255,170,10,0,1,1,229
Mexico,200,150,40,30,Batman,100,110,130,90,0,3,36,206
Pikachu,80,130,60,200,Mexico,200,150,40,30,0,1,99,86
Mexico,200,150,40,30,Batman,100,110,130,90,0,3,42,208
Hulk,220,230,180,80,Batman,100,110,130,90,1,1,113,1
Hulk,220,230,180,80,Mexico,200,150,40,30,1,2,368,1
Mexico,200,150,40,30,Hulk,220,230,180,80,0,2,1,356
China,255,255,170,10,Pikachu,80,130,60,200,1,1,203,1
Pikachu,80,130,60,200,Hulk,220,230,180,80,0,1,1,155
China,255,255,170,10,Hulk,220,230,180,80,1,4,286,234
Batman,100,110,130,90,Pikachu,80,130,60,200,1,2,97,2
China,255,255,170,10,Hulk,220,230,180,80,1,3,233,165
China,255,255,170,10,Batman,100,110,130,90,1,1,108,1
China,255,255,170,10,Batman,100,110,130,90,1,1,114,1
Charizard,130,180,130,167,Hulk,220,230,180,80,0,2,2,194
China,255,255,170,10,Charizard,130,180,130,167,1,2,253,18
Hulk,220,230,180,80,Mexico,200,150,40,30,1,2,330,1
Pikachu,80,130,60,200,China,255,255,170,10,0,1,1,216
Batman,100,110,130,90,China,255,255,170,10,0,1,1,133
China,255,255,170,10,Mexico,200,150,40,30,1,2,418,2
Batman,100,110,130,90,China,255,255,170,10,0,1,1,141
Pikachu,80,130,60,200,China,255,255,170,10,0,1,1,180
Batman,100,110,130,90,China,255,255,170,10,0,1,1,121
Mexico,200,150,40,30,Hulk,220,230,180,80,0,2,1,340
Hulk,220,230,180,80,Pikachu,80,130,60,200,1,1,154,1
Mexico,200,150,40,30,Hulk,220,230,180,80,0,1,0,203
Hulk,220,230,180,80,Charizard,130,180,130,167,1,2,192,2
Hulk,220,230,180,80,Pikachu,80,130,60,200,1,1,184,1
China,255,255,170,10,Hulk,220,230,180,80,1,3,244,185
Batman,100,110,130,90,Mexico,200,150,40,30,1,3,210,38
Mexico,200,150,40,30,Hulk,220,230,180,80,0,2,1,361
China,255,255,170,10,Hulk,220,230,180,80,1,4,288,239
Batman,100,110,130,90,Hulk,220,230,180,80,0,1,1,107
Pikachu,80,130,60,200,China,255,255,170,10,0,1,1,199
Charizard,130,180,130,167,Mexico,200,150,40,30,1,2,303,20
China,255,255,170,10,Pikachu,80,130,60,200,1,1,215,1
Hulk,220,230,180,80,Pikachu,80,130,60,200,1,1,153,1
Charizard,130,180,130,167,China,255,255,170,10,0,2,21,246
Mexico,200,150,40,30,China,255,255,170,10,0,1,1,205
Batman,100,110,130,90,Pikachu,80,130,60,200,1,2,96,2
Hulk,220,230,180,80,China,255,255,170,10,0,3,186,235
Batman,100,110,130,90,Charizard,130,180,130,167,0,2,1,108
Hulk,220,230,180,80,China,255,255,170,10,0,3,169,227
Charizard,130,180,130,167,Batman,100,110,130,90,1,3,141,2
Charizard,130,180,130,167,Mexico,200,150,40,30,1,2,288,20
Charizard,130,180,130,167,Hulk,220,230,180,80,0,2,2,218
Hulk,220,230,180,80,Batman,100,110,130,90,1,2,184,2
China,255,255,170,10,Charizard,130,180,130,167,1,1,137,9
Batman,100,110,130,90,Charizard,130,180,130,167,0,2,1,101
Hulk,220,230,180,80,Charizard,130,180,130,167,1,2,212,2
Charizard,130,180,130,167,Batman,100,110,130,90,1,2,100,1
Charizard,130,180,130,167,Mexico,200,150,40,30,1,2,285,20
Mexico,200,150,40,30,China,255,255,170,10,0,1,1,210
Charizard,130,180,130,167,Hulk,220,230,180,80,0,2,2,193
Mexico,200,150,40,30,Batman,100,110,130,90,0,3,39,210
Charizard,130,180,130,167,Mexico,200,150,40,30,1,2,292,20
Pikachu,80,130,60,200,Charizard,130,180,130,167,0,1,1,134
Pikachu,80,130,60,200,China,255,255,170,10,0,1,1,195
Charizard,130,180,130,167,China,255,255,170,10,0,2,20,261
Hulk,220,230,180,80,Mexico,200,150,40,30,1,1,207,0
Charizard,130,180,130,167,Pikachu,80,130,60,200,1,1,132,1
Hulk,220,230,180,80,Charizard,130,180,130,167,1,2,211,2
Pikachu,80,130,60,200,Mexico,200,150,40,30,0,1,82,81
Hulk,220,230,180,80,Batman,100,110,130,90,1,2,182,2
Pikachu,80,130,60,200,Charizard,130,180,130,167,0,1,1,131
China,255,255,170,10,Pikachu,80,130,60,200,1,1,219,1
Batman,100,110,130,90,Hulk,220,230,180,80,0,1,1,100
Charizard,130,180,130,167,Hulk,220,230,180,80,0,2,2,187
Charizard,130,180,130,167,Pikachu,80,130,60,200,1,1,115,1
Batman,100,110,130,90,Hulk,220,230,180,80,0,1,1,115
Batman,100,110,130,90,Pikachu,80,130,60,200,1,2,107,2
Mexico,200,150,40,30,Pikachu,80,130,60,200,1,2,172,169
Pikachu,80,130,60,200,Batman,100,110,130,90,0,2,2,98
Hulk,220,230,180,80,Charizard,130,180,130,167,1,2,205,2
Charizard,130,180,130,167,Hulk,220,230,180,80,0,2,2,202
Pikachu,80,130,60,200,Charizard,130,180,130,167,0,1,1,113
Mexico,200,150,40,30,Batman,100,110,130,90,0,3,39,210
Mexico,200,150,40,30,Hulk,220,230,180,80,0,1,0,211
Pikachu,80,130,60,200,Mexico,200,150,40,30,0,1,84,98
China,255,255,170,10,Hulk,220,230,180,80,1,3,245,182
Batman,100,110,130,90,Mexico,200,150,40,30,1,3,214,42
Batman,100,110,130,90,Mexico,200,150,40,30,1,3,211,36
China,255,255,170,10,Charizard,130,180,130,167,1,2,258,20
Mexico,200,150,40,30,Batman,100,110,130,90,0,3,42,221
Hulk,220,230,180,80,China,255,255,170,10,0,3,175,244
China,255,255,170,10,Pikachu,80,130,60,200,1,1,180,1
Hulk,220,230,180,80,Mexico,200,150,40,30,1,2,345,1
Charizard,130,180,130,167,China,255,255,170,10,0,2,22,248
Batman,100,110,130,90,Mexico,200,150,40,30,1,3,208,39
China,255,255,170,10,Batman,100,110,130,90,1,1,127,1
Mexico,200,150,40,30,Hulk,220,230,180,80,0,1,0,202
Charizard,130,180,130,167,Batman,100,110,130,90,1,3,152,2
China,255,255,170,10,Charizard,130,180,130,167,1,2,255,20
Mexico,200,150,40,30,Hulk,220,230,180,80,0,1,0,202
Batman,100,110,130,90,Hulk,220,230,180,80,0,2,2,200
Hulk,220,230,180,80,Charizard,130,180,130,167,1,2,191,2
Charizard,130,180,130,167,Hulk,220,230,180,80,0,2,2,182
Batman,100,110,130,90,Charizard,130,180,130,167,0,3,2,152
Batman,100,110,130,90,China,255,255,170,10,0,1,1,137
Pikachu,80,130,60,200,Charizard,130,180,130,167,0,1,1,125
China,255,255,170,10,Hulk,220,230,180,80,1,3,221,193
Charizard,130,180,130,167,China,255,255,170,10,0,1,10,139
Pikachu,80,130,60,200,Batman,100,110,130,90,0,2,2,98
Mexico,200,150,40,30,Batman,100,110,130,90,0,3,43,214
Charizard,130,180,130,167,Mexico,200,150,40,30,1,2,291,18
Batman,100,110,130,90,Hulk,220,230,180,80,0,1,1,105
Hulk,220,230,180,80,Batman,100,110,130,90,1,1,113,1
Pikachu,80,130,60,200,Hulk,220,230,180,80,0,1,1,193
Batman,100,110,130,90,Mexico,200,150,40,30,1,3,211,43
Hulk,220,230,180,80,Batman,100,110,130,90,1,1,114,1
China,255,255,170,10,Charizard,130,180,130,167,1,1,132,11
Mexico,200,150,40,30,China,255,255,170,10,0,2,2,401
Charizard,130,180,130,167,Mexico,200,150,40,30,1,2,293,19
Hulk,220,230,180,80,Mexico,200,150,40,30,1,1,217,0
Charizard,130,180,130,167,Mexico,200,150,40,30,1,2,270,18
Pikachu,80,130,60,200,Mexico,200,150,40,30,0,1,89,80
Pikachu,80,130,60,200,Mexico,200,150,40,30,0,1,102,100
China,255,255,170,10,Charizard,130,180,130,167,1,1,140,11
Mexico,200,150,40,30,Batman,100,110,130,90,0,3,41,207
Mexico,200,150,40,30,China,255,255,170,10,0,1,1,244
Batman,100,110,130,90,China,255,255,170,10,0,1,1,114
Mexico,200,150,40,30,Pikachu,80,130,60,200,1,1,90,78
Hulk,220,230,180,80,China,255,255,170,10,0,4,223,268
Pikachu,80,130,60,200,Batman,100,110,130,90,0,2,2,96
China,255,255,170,10,Batman,100,110,130,90,1,1,143,1
Hulk,220,230,180,80,Batman,100,110,130,90,1,1,114,1
China,255,255,170,10,Mexico,200,150,40,30,1,1,205,1
Mexico,200,150,40,30,Charizard,130,180,130,167,0,2,20,267
Pikachu,80,130,60,200,Hulk,220,230,180,80,0,1,1,161
China,255,255,170,10,Batman,100,110,130,90,1,1,129,1
Batman,100,110,130,90,Charizard,130,180,130,167,0,3,2,146
Mexico,200,150,40,30,Batman,100,110,130,90,0,3,43,204
Pikachu,80,130,60,200,Mexico,200,150,40,30,0,2,173,164
Hulk,220,230,180,80,Pikachu,80,130,60,200,1,1,158,1
Hulk,220,230,180,80,Batman,100,110,130,90,1,1,107,1
Batman,100,110,130,90,China,255,255,170,10,0,1,1,130
Batman,100,110,130,90,China,255,255,170,10,0,1,1,132
Pikachu,80,130,60,200,Batman,100,110,130,90,0,2,2,91
Charizard,130,180,130,167,China,255,255,170,10,0,2,22,263
Hulk,220,230,180,80,Pikachu,80,130,60,200,1,1,171,1
Batman,100,110,130,90,Mexico,200,150,40,30,1,3,216,43
Batman,100,110,130,90,Mexico,200,150,40,30,1,3,225,42
Mexico,200,150,40,30,Batman,100,110,130,90,0,3,42,214
Mexico,200,150,40,30,Hulk,220,230,180,80,0,1,0,202
Hulk,220,230,180,80,China,255,255,170,10,0,3,181,220
Hulk,220,230,180,80,Batman,100,110,130,90,1,1,114,1
Mexico,200,150,40,30,Charizard,130,180,130,167,0,2,19,280
Mexico,200,150,40,30,China,255,255,170,10,0,1,1,231
Charizard,130,180,130,167,Hulk,220,230,180,80,0,2,2,186
Pikachu,80,130,60,200,Batman,100,110,130,90,0,2,2,102
Charizard,130,180,130,167,Hulk,220,230,180,80,0,2,2,185
Charizard,130,180,130,167,Pikachu,80,130,60,200,1,1,137,1
Charizard,130,180,130,167,China,255,255,170,10,0,1,10,139
China,255,255,170,10,Hulk,220,230,180,80,1,3,232,171
Hulk,220,230,180,80,Batman,100,110,130,90,1,1,107,1
Pikachu,80,130,60,200,Charizard,130,180,130,167,0,1,1,132
Pikachu,80,130,60,200,China,255,255,170,10,0,1,1,177
Hulk,220,230,180,80,Mexico,200,150,40,30,1,1,211,0
Pikachu,80,130,60,200,Mexico,200,150,40,30,0,2,195,163
Hulk,220,230,180,80,Batman,100,110,130,90,1,1,112,1
Charizard,130,180,130,167,Batman,100,110,130,90,1,3,143,2
Mexico,200,150,40,30,Charizard,130,180,130,167,0,2,19,251
Hulk,220,230,180,80,Charizard,130,180,130,167,1,2,221,2
Batman,100,110,130,90,Mexico,200,150,40,30,1,4,255,57
Charizard,130,180,130,167,China,255,255,170,10,0,1,11,142
Mexico,200,150,40,30,Batman,100,110,130,90,0,3,38,209
Pikachu,80,130,60,200,China,255,255,170,10,0,1,1,189
Batman,100,110,130,90,Mexico,200,150,40,30,1,3,217,40
Charizard,130,180,130,167,China,255,255,170,10,0,1,9,134
Batman,100,110,130,90,Mexico,200,150,40,30,1,3,210,40
Charizard,130,180,130,167,Hulk,220,230,180,80,0,2,2,204
Batman,100,110,130,90,Mexico,200,150,40,30,1,4,255,60
Mexico,200,150,40,30,Batman,100,110,130,90,0,3,41,222
China,255,255,170,10,Pikachu,80,130,60,200,1,1,196,1
China,255,255,170,10,Batman,100,110,130,90,1,1,124,1
Mexico,200,150,40,30,Pikachu,80,130,60,200,1,1,99,87
Hulk,220,230,180,80,Charizard,130,180,130,167,1,2,173,2
Pikachu,80,130,60,200,Hulk,220,230,180,80,0,1,1,169
Mexico,200,150,40,30,China,255,255,170,10,0,2,2,421
China,255,255,170,10,Mexico,200,150,40,30,1,1,207,1
China,255,255,170,10,Hulk,220,230,180,80,1,4,291,254
Charizard,130,180,130,167,Hulk,220,230,180,80,0,2,2,207
Hulk,220,230,180,80,Batman,100,110,130,90,1,2,195,2
Charizard,130,180,130,167,Mexico,200,150,40,30,1,2,278,22
Pikachu,80,130,60,200,China,255,255,170,10,0,1,1,221
Pikachu,80,130,60,200,Charizard,130,180,130,167,0,1,1,106
Pikachu,80,130,60,200,China,255,255,170,10,0,1,1,207
Pikachu,80,130,60,200,Charizard,130,180,130,167,0,1,1,116
Charizard,130,180,130,167,Batman,100,110,130,90,1,3,136,2
Hulk,220,230,180,80,Batman,100,110,130,90,1,1,103,1
Hulk,220,230,180,80,Mexico,200,150,40,30,1,2,393,1
Batman,100,110,130,90,Charizard,130,180,130,167,0,2,1,100
Batman,100,110,130,90,Charizard,130,180,130,167,0,2,1,102
Mexico,200,150,40,30,China,255,255,170,10,0,1,1,203
China,255,255,170,10,Hulk,220,230,180,80,1,4,299,249
Pikachu,80,130,60,200,Batman,100,110,130,90,0,2,2,97
Mexico,200,150,40,30,Charizard,130,180,130,167,0,2,17,271
Mexico,200,150,40,30,Pikachu,80,130,60,200,1,1,99,91
Pikachu,80,130,60,200,Mexico,200,150,40,30,0,1,87,93
Pikachu,80,130,60,200,Hulk,220,230,180,80,0,1,1,183
Hulk,220,230,180,80,Batman,100,110,130,90,1,2,185,2
Pikachu,80,130,60,200,Charizard,130,180,130,167,0,1,1,137
Pikachu,80,130,60,200,China,255,255,170,10,0,1,1,206
Hulk,220,230,180,80,Charizard,130,180,130,167,1,2,185,2
China,255,255,170,10,Batman,100,110,130,90,1,1,118,1
Mexico,200,150,40,30,Batman,100,110,130,90,0,3,41,229
Mexico,200,150,40,30,Charizard,130,180,130,167,0,2,19,278
Charizard,130,180,130,167,Hulk,220,230,180,80,0,2,2,209
Mexico,200,150,40,30,Charizard,130,180,130,167,0,2,18,270
Charizard,130,180,130,167,China,255,255,170,10,0,1,10,142
Mexico,200,150,40,30,Hulk,220,230,180,80,0,1,0,205
China,255,255,170,10,Hulk,220,230,180,80,1,4,301,244
Pikachu,80,130,60,200,Batman,100,110,130,90,0,2,2,108
Pikachu,80,130,60,200,China,255,255,170,10,0,1,1,203
Pikachu,80,130,60,200,Charizard,130,180,130,167,0,1,1,120
Mexico,200,150,40,30,Pikachu,80,130,60,200,1,1,95,93
Batman,100,110,130,90,China,255,255,170,10,0,1,1,107
Batman,100,110,130,90,Hulk,220,230,180,80,0,2,2,187
Mexico,200,150,40,30,Pikachu,80,130,60,200,1,1,95,90
China,255,255,170,10,Charizard,130,180,130,167,1,2,223,18
Batman,100,110,130,90,Mexico,200,150,40,30,1,3,213,38
Batman,100,110,130,90,Charizard,130,180,130,167,0,2,1,110
Pikachu,80,130,60,200,Hulk,220,230,180,80,0,1,1,164
Batman,100,110,130,90,China,255,255,170,10,0,1,1,107
Charizard,130,180,130,167,Pikachu,80,130,60,200,1,1,118,1
Mexico,200,150,40,30,Batman,100,110,130,90,0,3,46,222
Hulk,220,230,180,80,Batman,100,110,130,90,1,2,199,2
Batman,100,110,130,90,Hulk,220,230,180,80,0,2,2,175
Charizard,130,180,130,167,Batman,100,110,130,90,1,2,100,1
Pikachu,80,130,60,200,Mexico,200,150,40,30,0,1,81,83
China,255,255,170,10,Batman,100,110,130,90,1,1,135,1
Charizard,130,180,130,167,Pikachu,80,130,60,200,1,1,137,1
Pikachu,80,130,60,200,Hulk,220,230,180,80,0,1,1,187
Mexico,200,150,40,30,Batman,100,110,130,90,0,3,45,204
Mexico,200,150,40,30,China,255,255,170,10,0,1,1,206
China,255,255,170,10,Hulk,220,230,180,80,1,3,227,168
Pikachu,80,130,60,200,Hulk,220,230,180,80,0,1,1,164
Hulk,220,230,180,80,Charizard,130,180,130,167,1,2,180,2
Mexico,200,150,40,30,China,255,255,170,10,0,1,1,200
Charizard,130,180,130,167,Pikachu,80,130,60,200,1,1,118,1
Batman,100,110,130,90,Hulk,220,230,180,80,0,2,2,174
Batman,100,110,130,90,Mexico,200,150,40,30,1,3,221,39
Batman,100,110,130,90,Charizard,130,180,130,167,0,3,2,146
China,255,255,170,10,Charizard,130,180,130,167,1,2,247,19
Pikachu,80,130,60,200,Mexico,200,150,40,30,0,1,83,83
Hulk,220,230,180,80,China,255,255,170,10,0,4,245,292
Mexico,200,150,40,30,China,255,255,170,10,0,1,1,235
Hulk,220,230,180,80,Batman,100,110,130,90,1,2,186,2
Mexico,200,150,40,30,Charizard,130,180,130,167,0,2,23,291
Hulk,220,230,180,80,China,255,255,170,10,0,3,190,223
Batman,100,110,130,90,Charizard,130,180,130,167,0,2,1,104
Batman,100,110,130,90,Pikachu,80,130,60,200,1,2,98,2
Mexico,200,150,40,30,Pikachu,80,130,60,200,1,1,98,99
China,255,255,170,10,Hulk,220,230,180,80,1,4,287,228
Batman,100,110,130,90,China,255,255,170,10,0,1,1,141
Hulk,220,230,180,80,China,255,255,170,10,0,3,179,244
Pikachu,80,130,60,200,Hulk,220,230,180,80,0,1,1,178
Mexico,200,150,40,30,Charizard,130,180,130,167,0,2,17,306
Hulk,220,230,180,80,China,255,255,170,10,0,4,250,282
Hulk,220,230,180,80,Batman,100,110,130,90,1,2,201,2
Hulk,220,230,180,80,Batman,100,110,130,90,1,1,115,1
China,255,255,170,10,Pikachu,80,130,60,200,1,1,220,1
Pikachu,80,130,60,200,Hulk,220,230,180,80,0,1,1,182
Mexico,200,150,40,30,Hulk,220,230,180,80,0,2,1,372
Mexico,200,150,40,30,China,255,255,170,10,0,1,1,229
China,255,255,170,10,Mexico,200,150,40,30,1,2,370,2
Mexico,200,150,40,30,Pikachu,80,130,60,200,1,1,81,95
Hulk,220,230,180,80,Charizard,130,180,130,167,1,2,200,2
China,255,255,170,10,Charizard,130,180,130,167,1,1,130,11
Charizard,130,180,130,167,China,255,255,170,10,0,1,10,134
Charizard,130,180,130,167,China,255,255,170,10,0,2,21,235
Hulk,220,230,180,80,Pikachu,80,130,60,200,1,1,185,1
Batman,100,110,130,90,Charizard,130,180,130,167,0,3,2,142
Hulk,220,230,180,80,Mexico,200,150,40,30,1,2,391,1
Mexico,200,150,40,30,Hulk,220,230,180,80,0,1,0,210
Batman,100,110,130,90,Charizard,130,180,130,167,0,2,1,102
Batman,100,110,130,90,Hulk,220,230,180,80,0,2,2,183
Charizard,130,180,130,167,Mexico,200,150,40,30,1,2,285,20
Charizard,130,180,130,167,Batman,100,110,130,90,1,2,100,1
Hulk,220,230,180,80,Charizard,130,180,130,167,1,2,194,2
China,255,255,170,10,Batman,100,110,130,90,1,1,120,1
Pikachu,80,130,60,200,China,255,255,170,10,0,1,1,213
Batman,100,110,130,90,Hulk,220,230,180,80,0,2,2,203
China,255,255,170,10,Hulk,220,230,180,80,1,4,295,227
Batman,100,110,130,90,China,255,255,170,10,0,1,1,110
Pikachu,80,130,60,200,Mexico,200,150,40,30,0,1,97,99
Mexico,200,150,40,30,Batman,100,110,130,90,0,3,37,232
Pikachu,80,130,60,200,Charizard,130,180,130,167,0,1,1,138
China,255,255,170,10,Mexico,200,150,40,30,1,1,235,1
China,255,255,170,10,Pikachu,80,130,60,200,1,1,180,1
Hulk,220,230,180,80,Batman,100,110,130,90,1,1,111,1
Batman,100,110,130,90,China,255,255,170,10,0,1,1,111
Charizard,130,180,130,167,Hulk,220,230,180,80,0,2,2,205
Charizard,130,180,130,167,Mexico,200,150,40,30,1,2,303,19
Batman,100,110,130,90,Pikachu,80,130,60,200,1,2,97,2
Mexico,200,150,40,30,Charizard,130,180,130,167,0,2,18,273
Mexico,200,150,40,30,Charizard,130,180,130,167,0,2,21,291
Batman,100,110,130,90,Mexico,200,150,40,30,1,3,210,41
China,255,255,170,10,Batman,100,110,130,90,1,1,132,1
Mexico,200,150,40,30,China,255,255,170,10,0,1,1,204
Pikachu,80,130,60,200,Hulk,220,230,180,80,0,1,1,168
Hulk,220,230,180,80,Mexico,200,150,40,30,1,1,210,0
Batman,100,110,130,90,China,255,255,170,10,0,1,1,122
Charizard,130,180,130,167,China,255,255,170,10,0,1,9,137
Mexico,200,150,40,30,Batman,100,110,130,90,0,3,39,216
Pikachu,80,130,60,200,Hulk,220,230,180,80,0,1,1,184
China,255,255,170,10,Pikachu,80,130,60,200,1,1,216,1
China,255,255,170,10,Hulk,220,230,180,80,1,3,242,159
Charizard,130,180,130,167,Mexico,200,150,40,30,1,2,245,19
Hulk,220,230,180,80,Charizard,130,180,130,167,1,2,212,2
China,255,255,170,10,Pikachu,80,130,60,200,1,1,166,1
China,255,255,170,10,Pikachu,80,130,60,200,1,1,179,1
Hulk,220,230,180,80,China,255,255,170,10,0,3,176,232
Pikachu,80,130,60,200,Charizard,130,180,130,167,0,1,1,128
Pikachu,80,130,60,200,Hulk,220,230,180,80,0,1,1,189
Charizard,130,180,130,167,China,255,255,170,10,0,1,11,134
Charizard,130,180,130,167,Hulk,220,230,180,80,0,2,2,192
Mexico,200,150,40,30,Charizard,130,180,130,167,0,2,18,281
Hulk,220,230,180,80,China,255,255,170,10,0,4,249,290
Charizard,130,180,130,167,Hulk,220,230,180,80,0,2,2,191
Batman,100,110,130,90,Mexico,200,150,40,30,1,3,219,42
Batman,100,110,130,90,Hulk,220,230,180,80,0,1,1,107
Mexico,200,150,40,30,Pikachu,80,130,60,200,1,1,98,98
Charizard,130,180,130,167,China,255,255,170,10,0,2,20,224
Pikachu,80,130,60,200,Mexico,200,150,40,30,0,1,102,80
Batman,100,110,130,90,China,255,255,170,10,0,1,1,132
China,255,255,170,10,Pikachu,80,130,60,200,1,1,170,1
Mexico,200,150,40,30,Charizard,130,180,130,167,0,2,17,273
Batman,100,110,130,90,Mexico,200,150,40,30,1,3,202,41
Batman,100,110,130,90,Hulk,220,230,180,80,0,2,2,193
Charizard,130,180,130,167,Hulk,220,230,180,80,0,2,2,207
Hulk,220,230,180,80,Pikachu,80,130,60,200,1,1,167,1
Charizard,130,180,130,167,Pikachu,80,130,60,200,1,1,135,1
Pikachu,80,130,60,200,China,255,255,170,10,0,1,1,169
Hulk,220,230,180,80,Charizard,130,180,130,167,1,2,196,2
Mexico,200,150,40,30,Batman,100,110,130,90,0,3,41,210
Mexico,200,150,40,30,Pikachu,80,130,60,200,1,2,161,195
Pikachu,80,130,60,200,Mexico,200,150,40,30,0,1,96,92
Pikachu,80,130,60,200,China,255,255,170,10,0,1,1,187
China,255,255,170,10,Batman,100,110,130,90,1,1,112,1
Pikachu,80,130,60,200,Batman,100,110,130,90,0,2,2,87
Pikachu,80,130,60,200,Charizard,130,180,130,167,0,1,1,115
Charizard,130,180,130,167,Hulk,220,230,180,80,0,2,2,223
Hulk,220,230,180,80,China,255,255,170,10,0,4,241,296
Pikachu,80,130,60,200,Charizard,130,180,130,167,0,1,1,121
Pikachu,80,130,60,200,China,255,255,170,10,0,1,1,193
Mexico,200,150,40,30,Hulk,220,230,180,80,0,2,1,342
Charizard,130,180,130,167,Mexico,200,150,40,30,1,2,288,19
China,255,255,170,10,Mexico,200,150,40,30,1,1,215,1
Charizard,130,180,130,167,Batman,100,110,130,90,1,3,143,2
Mexico,200,150,40,30,Pikachu,80,130,60,200,1,2,176,196
Hulk,220,230,180,80,Mexico,200,150,40,30,1,2,342,1
China,255,255,170,10,Pikachu,80,130,60,200,1,1,174,1
Mexico,200,150,40,30,Pikachu,80,130,60,200,1,1,83,78
Batman,100,110,130,90,China,255,255,170,10,0,1,1,120
Hulk,220,230,180,80,Pikachu,80,130,60,200,1,1,170,1
Hulk,220,230,180,80,China,255,255,170,10,0,3,166,232
Mexico,200,150,40,30,China,255,255,170,10,0,1,1,230
Mexico,200,150,40,30,China,255,255,170,10,0,2,2,421
Batman,100,110,130,90,Pikachu,80,130,60,200,1,2,94,2
Batman,100,110,130,90,Mexico,200,150,40,30,1,3,208,37
Charizard,130,180,130,167,Mexico,200,150,40,30,1,2,275,21
Mexico,200,150,40,30,Charizard,130,180,130,167,0,2,18,257
Batman,100,110,130,90,Pikachu,80,130,60,200,1,2,89,2
China,255,255,170,10,Hulk,220,230,180,80,1,4,289,231
Charizard,130,180,130,167,Hulk,220,230,180,80,0,2,2,210
Pikachu,80,130,60,200,Batman,100,110,130,90,0,2,2,113
Charizard,130,180,130,167,China,255,255,170,10,0,2,22,247
Pikachu,80,130,60,200,Hulk,220,230,180,80,0,1,1,147
Batman,100,110,130,90,China,255,255,170,10,0,1,1,121
Pikachu,80,130,60,200,China,255,255,170,10,0,1,1,176
Charizard,130,180,130,167,Hulk,220,230,180,80,0,2,2,201
Batman,100,110,130,90,Charizard,130,180,130,167,0,2,1,108
China,255,255,170,10,Pikachu,80,130,60,200,1,1,188,1
China,255,255,170,10,Charizard,130,180,130,167,1,1,136,10
Charizard,130,180,130,167,Batman,100,110,130,90,1,2,108,1
Mexico,200,150,40,30,China,255,255,170,10,0,1,1,214
Batman,100,110,130,90,Hulk,220,230,180,80,0,2,2,196
Pikachu,80,130,60,200,Mexico,200,150,40,30,0,1,78,103
Batman,100,110,130,90,Mexico,200,150,40,30,1,3,229,41
Mexico,200,150,40,30,Batman,100,110,130,90,0,3,46,202
China,255,255,170,10,Mexico,200,150,40,30,1,1,247,1
Charizard,130,180,130,167,Hulk,220,230,180,80,0,2,2,191
Batman,100,110,130,90,Pikachu,80,130,60,200,1,2,93,2
Charizard,130,180,130,167,China,255,255,170,10,0,2,19,221
Batman,100,110,130,90,Charizard,130,180,130,167,0,3,2,145
Mexico,200,150,40,30,Charizard,130,180,130,167,0,2,22,291
Pikachu,80,130,60,200,Charizard,130,180,130,167,0,1,1,135
Pikachu,80,130,60,200,Batman,100,110,130,90,0,2,2,114
China,255,255,170,10,Batman,100,110,130,90,1,1,118,1
Charizard,130,180,130,167,Hulk,220,230,180,80,0,2,2,198
Mexico,200,150,40,30,Charizard,130,180,130,167,0,2,20,305
Batman,100,110,130,90,Mexico,200,150,40,30,1,3,201,40
Charizard,130,180,130,167,Hulk,220,230,180,80,0,2,2,210
Batman,100,110,130,90,Pikachu,80,130,60,200,1,2,99,2
Hulk,220,230,180,80,Batman,100,110,130,90,1,1,100,1
Mexico,200,150,40,30,Pikachu,80,130,60,200,1,1,103,83
Charizard,130,180,130,167,Pikachu,80,130,60,200,1,1,126,1
Hulk,220,230,180,80,Mexico,200,150,40,30,1,2,363,1
Pikachu,80,130,60,200,Mexico,200,150,40,30,0,2,160,166
Hulk,220,230,180,80,China,255,255,170,10,0,3,189,222
China,255,255,170,10,Batman,100,110,130,90,1,1,132,1
Charizard,130,180,130,167,China,255,255,170,10,0,1,9,138
Mexico,200,150,40,30,Pikachu,80,130,60,200,1,1,102,85
Pikachu,80,130,60,200,Mexico,200,150,40,30,0,1,81,87
Hulk,220,230,180,80,Pikachu,80,130,60,200,1,1,190,1
Pikachu,80,130,60,200,Mexico,200,150,40,30,0,1,93,93
China,255,255,170,10,Pikachu,80,130,60,200,1,1,204,1
Batman,100,110,130,90,China,255,255,170,10,0,1,1,110
Charizard,130,180,130,167,Hulk,220,230,180,80,0,2,2,203
Hulk,220,230,180,80,Mexico,200,150,40,30,1,2,362,1
Batman,100,110,130,90,China,255,255,170,10,0,1,1,120
China,255,255,170,10,Pikachu,80,130,60,200,1,1,204,1
Batman,100,110,130,90,China,255,255,170,10,0,1,1,107
Charizard,130,180,130,167,Mexico,200,150,40,30,1,2,284,20
China,255,255,170,10,Hulk,220,230,180,80,1,3,239,167
Mexico,200,150,40,30,Charizard,130,180,130,167,0,2,19,277
Charizard,130,180,130,167,Mexico,200,150,40,30,1,2,291,18
Pikachu,80,130,60,200,Hulk,220,230,180,80,0,1,1,186
China,255,255,170,10,Batman,100,110,130,90,1,1,109,1
China,255,255,170,10,Batman,100,110,130,90,1,1,126,1
China,255,255,170,10,Batman,100,110,130,90,1,1,124,1
Pikachu,80,130,60,200,China,255,255,170,10,0,1,1,208
Batman,100,110,130,90,Hulk,220,230,180,80,0,1,1,109
Hulk,220,230,180,80,Batman,100,110,130,90,1,1,113,1
China,255,255,170,10,Charizard,130,180,130,167,1,2,226,20
Pikachu,80,130,60,200,China,255,255,170,10,0,1,1,206
Charizard,130,180,130,167,Hulk,220,230,180,80,0,2,2,205
Pikachu,80,130,60,200,Hulk,220,230,180,80,0,1,1,165
Mexico,200,150,40,30,Hulk,220,230,180,80,0,2,1,353
Hulk,220,230,180,80,Batman,100,110,130,90,1,1,108,1
Pikachu,80,130,60,200,China,255,255,170,10,0,1,1,199
Batman,100,110,130,90,Pikachu,80,130,60,200,1,2,98,2
Batman,100,110,130,90,Mexico,200,150,40,30,1,3,220,39
Charizard,130,180,130,167,Mexico,200,150,40,30,1,2,284,21
China,255,255,170,10,Pikachu,80,130,60,200,1,1,217,1
Hulk,220,230,180,80,Charizard,130,180,130,167,1,2,195,2
Mexico,200,150,40,30,Hulk,220,230,180,80,0,2,1,389
Hulk,220,230,180,80,Pikachu,80,130,60,200,1,1,156,1
Mexico,200,150,40,30,China,255,255,170,10,0,1,1,203
Hulk,220,230,180,80,China,255,255,170,10,0,3,179,225
Batman,100,110,130,90,Mexico,200,150,40,30,1,3,210,39
Charizard,130,180,130,167,Batman,100,110,130,90,1,2,101,1
Charizard,130,180,130,167,Pikachu,80,130,60,200,1,1,118,1
Mexico,200,150,40,30,Charizard,130,180,130,167,0,2,22,271
Hulk,220,230,180,80,Pikachu,80,130,60,200,1,1,157,1
China,255,255,170,10,Batman,100,110,130,90,1,1,142,1
China,255,255,170,10,Batman,100,110,130,90,1,1,119,1
Mexico,200,150,40,30,Pikachu,80,130,60,200,1,1,87,84
Charizard,130,180,130,167,Batman,100,110,130,90,1,2,100,1
Charizard,130,180,130,167,Hulk,220,230,180,80,0,2,2,205
Hulk,220,230,180,80,Pikachu,80,130,60,200,1,1,151,1
Charizard,130,180,130,167,Batman,100,110,130,90,1,2,107,1
Mexico,200,150,40,30,Hulk,220,230,180,80,0,2,1,367
Mexico,200,150,40,30,Charizard,130,180,130,167,0,2,21,293
China,255,255,170,10,Batman,100,110,130,90,1,1,125,1
Hulk,220,230,180,80,Mexico,200,150,40,30,1,2,372,1
Hulk,220,230,180,80,Pikachu,80,130,60,200,1,1,162,1
Mexico,200,150,40,30,Hulk,220,230,180,80,0,1,0,211
Mexico,200,150,40,30,Hulk,220,230,180,80,0,2,1,347
Pikachu,80,130,60,200,Batman,100,110,130,90,0,2,2,90
China,255,255,170,10,Mexico,200,150,40,30,1,1,210,1
China,255,255,170,10,Pikachu,80,130,60,200,1,1,224,1
Charizard,130,180,130,167,Mexico,200,150,40,30,1,2,291,18
China,255,255,170,10,Mexico,200,150,40,30,1,1,237,1
Hulk,220,230,180,80,Batman,100,110,130,90,1,2,181,2
Batman,100,110,130,90,Charizard,130,180,130,167,0,2,1,109
Charizard,130,180,130,167,Mexico,200,150,40,30,1,2,265,22
Mexico,200,150,40,30,Hulk,220,230,180,80,0,2,1,386
China,255,255,170,10,Pikachu,80,130,60,200,1,1,200,1
Batman,100,110,130,90,Pikachu,80,130,60,200,1,2,98,2
Batman,100,110,130,90,Mexico,200,150,40,30,1,4,276,68
China,255,255,170,10,Charizard,130,180,130,167,1,1,133,9
Pikachu,80,130,60,200,China,255,255,170,10,0,1,1,223
Mexico,200,150,40,30,Pikachu,80,130,60,200,1,1,84,77
Charizard,130,180,130,167,Batman,100,110,130,90,1,2,108,1
Pikachu,80,130,60,200,Charizard,130,180,130,167,0,1,1,125
China,255,255,170,10,Hulk,220,230,180,80,1,4,286,235
Charizard,130,180,130,167,Pikachu,80,130,60,200,1,1,125,1
Charizard,130,180,130,167,Hulk,220,230,180,80,0,2,2,192
Batman,100,110,130,90,Mexico,200,150,40,30,1,3,204,41
Batman,100,110,130,90,Hulk,220,230,180,80,0,1,1,112
Charizard,130,180,130,167,Mexico,200,150,40,30,1,2,312,20
Charizard,130,180,130,167,China,255,255,170,10,0,2,20,229
Pikachu,80,130,60,200,Batman,100,110,130,90,0,2,2,98
China,255,255,170,10,Mexico,200,150,40,30,1,1,223,1
Batman,100,110,130,90,Pikachu,80,130,60,200,1,2,105,2
China,255,255,170,10,Hulk,220,230,180,80,1,3,221,182
Mexico,200,150,40,30,China,255,255,170,10,0,1,1,225
Mexico,200,150,40,30,Batman,100,110,130,90,0,3,36,224
Pikachu,80,130,60,200,Mexico,200,150,40,30,0,2,162,161
Mexico,200,150,40,30,Batman,100,110,130,90,0,3,37,219
Charizard,130,180,130,167,China,255,255,170,10,0,2,20,246
Batman,100,110,130,90,China,255,255,170,10,0,1,1,110
Batman,100,110,130,90,Pikachu,80,130,60,200,1,2,90,2
Mexico,200,150,40,30,Hulk,220,230,180,80,0,2,1,359
Pikachu,80,130,60,200,Mexico,200,150,40,30,0,1,86,95
China,255,255,170,10,Pikachu,80,130,60,200,1,1,210,1
Pikachu,80,130,60,200,Hulk,220,230,180,80,0,1,1,178
Charizard,130,180,130,167,Mexico,200,150,40,30,1,2,279,20
Hulk,220,230,180,80,Pikachu,80,130,60,200,1,1,162,1
Pikachu,80,130,60,200,China,255,255,170,10,0,1,1,192
China,255,255,170,10,Hulk,220,230,180,80,0,4,209,262
Charizard,130,180,130,167,Pikachu,80,130,60,200,1,1,123,1
Batman,100,110,130,90,China,255,255,170,10,0,1,1,120
Mexico,200,150,40,30,Batman,100,110,130,90,0,4,67,261
China,255,255,170,10,Hulk,220,230,180,80,1,3,231,172
Batman,100,110,130,90,Hulk,220,230,180,80,0,1,1,114
Mexico,200,150,40,30,Batman,100,110,130,90,0,4,61,271
China,255,255,170,10,Charizard,130,180,130,167,1,2,235,22
Hulk,220,230,180,80,Charizard,130,180,130,167,1,2,189,2
China,255,255,170,10,Mexico,200,150,40,30,1,1,245,1
Pikachu,80,130,60,200,Batman,100,110,130,90,0,2,2,98
China,255,255,170,10,Hulk,220,230,180,80,1,3,223,184
Hulk,220,230,180,80,Pikachu,80,130,60,200,1,1,166,1
Batman,100,110,130,90,Hulk,220,230,180,80,0,2,2,192
Mexico,200,150,40,30,Batman,100,110,130,90,0,3,40,217
Charizard,130,180,130,167,China,255,255,170,10,0,1,9,135
Batman,100,110,130,90,China,255,255,170,10,0,1,1,120
China,255,255,170,10,Pikachu,80,130,60,200,1,1,204,1
Pikachu,80,130,60,200,Mexico,200,150,40,30,0,1,86,94
Mexico,200,150,40,30,Batman,100,110,130,90,0,4,60,267
Pikachu,80,130,60,200,Mexico,200,150,40,30,0,1,93,82
China,255,255,170,10,Charizard,130,180,130,167,1,1,136,10
Hulk,220,230,180,80,Mexico,200,150,40,30,1,2,382,1
Hulk,220,230,180,80,Batman,100,110,130,90,1,1,112,1
China,255,255,170,10,Batman,100,110,130,90,1,1,111,1
China,255,255,170,10,Pikachu,80,130,60,200,1,1,169,1
China,255,255,170,10,Batman,100,110,130,90,1,1,125,1
Charizard,130,180,130,167,Batman,100,110,130,90,1,3,141,2
Mexico,200,150,40,30,Batman,100,110,130,90,0,3,41,215
China,255,255,170,10,Mexico,200,150,40,30,1,1,212,1
Charizard,130,180,130,167,Hulk,220,230,180,80,0,2,2,200
Hulk,220,230,180,80,Batman,100,110,130,90,1,1,106,1
Batman,100,110,130,90,Charizard,130,180,130,167,0,3,2,146
Hulk,220,230,180,80,Charizard,130,180,130,167,1,2,194,2
Mexico,200,150,40,30,Batman,100,110,130,90,0,3,40,219
Batman,100,110,130,90,Mexico,200,150,40,30,1,3,205,38
Pikachu,80,130,60,200,Hulk,220,230,180,80,0,1,1,183
Charizard,130,180,130,167,Mexico,200,150,40,30,1,2,270,18
Mexico,200,150,40,30,Charizard,130,180,130,167,0,2,17,304
Pikachu,80,130,60,200,Batman,100,110,130,90,0,2,2,108
Batman,100,110,130,90,China,255,255,170,10,0,1,1,136
Hulk,220,230,180,80,Mexico,200,150,40,30,1,1,201,0
Pikachu,80,130,60,200,China,255,255,170,10,0,1,1,222
Hulk,220,230,180,80,Mexico,200,150,40,30,1,1,217,0
Pikachu,80,130,60,200,Hulk,220,230,180,80,0,1,1,155
China,255,255,170,10,Charizard,130,180,130,167,1,1,133,11
Hulk,220,230,180,80,Mexico,200,150,40,30,1,1,205,0
Batman,100,110,130,90,Hulk,220,230,180,80,0,1,1,107
Charizard,130,180,130,167,Mexico,200,150,40,30,1,2,260,23
Charizard,130,180,130,167,Batman,100,110,130,90,1,3,136,2
Mexico,200,150,40,30,Pikachu,80,130,60,200,1,1,96,85
Charizard,130,180,130,167,Pikachu,80,130,60,200,1,1,114,1
Pikachu,80,130,60,200,Batman,100,110,130,90,0,2,2,98
Pikachu,80,130,60,200,Mexico,200,150,40,30,0,1,91,102
Batman,100,110,130,90,Pikachu,80,130,60,200,1,2,94,2
Mexico,200,150,40,30,Charizard,130,180,130,167,0,2,21,289
Mexico,200,150,40,30,Charizard,130,180,130,167,0,2,21,298
Batman,100,110,130,90,Pikachu,80,130,60,200,1,2,100,2
Batman,100,110,130,90,Charizard,130,180,130,167,0,2,1,104
Pikachu,80,130,60,200,China,255,255,170,10,0,1,1,208
Pikachu,80,130,60,200,Batman,100,110,130,90,0,2,2,97
Pikachu,80,130,60,200,Mexico,200,150,40,30,0,1,101,82
Batman,100,110,130,90,Pikachu,80,130,60,200,1,2,96,2
Pikachu,80,130,60,200,Hulk,220,230,180,80,0,1,1,177
Charizard,130,180,130,167,China,255,255,170,10,0,2,22,253
Hulk,220,230,180,80,China,255,255,170,10,0,3,186,223
Pikachu,80,130,60,200,Hulk,220,230,180,80,0,1,1,185
Batman,100,110,130,90,Pikachu,80,130,60,200,1,2,94,2
Hulk,220,230,180,80,China,255,255,170,10,0,4,250,295
Hulk,220,230,180,80,Pikachu,80,130,60,200,1,1,170,1
Mexico,200,150,40,30,Hulk,220,230,180,80,0,2,1,410
China,255,255,170,10,Hulk,220,230,180,80,1,4,285,250
Hulk,220,230,180,80,Charizard,130,180,130,167,1,2,223,2
Hulk,220,230,180,80,Mexico,200,150,40,30,1,1,216,0
Pikachu,80,130,60,200,Batman,100,110,130,90,0,2,2,96
China,255,255,170,10,Batman,100,110,130,90,1,1,109,1
Charizard,130,180,130,167,Mexico,200,150,40,30,1,2,283,22
Charizard,130,180,130,167,Hulk,220,230,180,80,0,2,2,192
Hulk,220,230,180,80,Batman,100,110,130,90,1,1,111,1
Batman,100,110,130,90,China,255,255,170,10,0,1,1,109
Hulk,220,230,180,80,Pikachu,80,130,60,200,1,1,155,1
Batman,100,110,130,90,China,255,255,170,10,0,1,1,120
Hulk,220,230,180,80,Charizard,130,180,130,167,1,2,199,2
China,255,255,170,10,Mexico,200,150,40,30,1,1,202,1
Batman,100,110,130,90,Charizard,130,180,130,167,0,3,2,141
Charizard,130,180,130,167,Hulk,220,230,180,80,0,2,2,200
Hulk,220,230,180,80,Mexico,200,150,40,30,1,1,212,0
China,255,255,170,10,Hulk,220,230,180,80,1,3,222,180
Charizard,130,180,130,167,Batman,100,110,130,90,1,3,153,2
Batman,100,110,130,90,Pikachu,80,130,60,200,1,2,97,2
Pikachu,80,130,60,200,Batman,100,110,130,90,0,2,2,108
Charizard,130,180,130,167,Mexico,200,150,40,30,1,2,279,22
Mexico,200,150,40,30,Charizard,130,180,130,167,0,2,20,275
Batman,100,110,130,90,Pikachu,80,130,60,200,1,2,107,2
Charizard,130,180,130,167,Batman,100,110,130,90,1,3,152,2
Charizard,130,180,130,167,China,255,255,170,10,0,2,22,223
Mexico,200,150,40,30,Hulk,220,230,180,80,0,2,1,366
Mexico,200,150,40,30,China,255,255,170,10,0,1,1,212
Pikachu,80,130,60,200,Hulk,220,230,180,80,0,1,1,161
Hulk,220,230,180,80,Batman,100,110,130,90,1,2,195,2
Batman,100,110,130,90,Charizard,130,180,130,167,0,3,2,143
Mexico,200,150,40,30,China,255,255,170,10,0,2,2,432
Mexico,200,150,40,30,China,255,255,170,10,0,1,1,240
Pikachu,80,130,60,200,Batman,100,110,130,90,0,2,2,99
Mexico,200,150,40,30,Charizard,130,180,130,167,0,2,18,269
Pikachu,80,130,60,200,Charizard,130,180,130,167,0,1,1,114
Pikachu,80,130,60,200,China,255,255,170,10,0,1,1,194
Batman,100,110,130,90,Charizard,130,180,130,167,0,3,2,149
Charizard,130,180,130,167,Batman,100,110,130,90,1,3,131,2
China,255,255,170,10,Batman,100,110,130,90,1,1,130,1
Hulk,220,230,180,80,Mexico,200,150,40,30,1,1,215,0
Charizard,130,180,130,167,China,255,255,170,10,0,2,20,238
China,255,255,170,10,Batman,100,110,130,90,1,1,128,1
Charizard,130,180,130,167,Batman,100,110,130,90,1,2,105,1
Mexico,200,150,40,30,China,255,255,170,10,0,2,2,378
Pikachu,80,130,60,200,Charizard,130,180,130,167,0,1,1,135
Hulk,220,230,180,80,China,255,255,170,10,0,3,182,244
Batman,100,110,130,90,Hulk,220,230,180,80,0,2,2,200
Batman,100,110,130,90,Pikachu,80,130,60,200,1,2,104,2
Mexico,200,150,40,30,Pikachu,80,130,60,200,1,1,88,95
China,255,255,170,10,Hulk,220,230,180,80,1,3,238,185
Mexico,200,150,40,30,China,255,255,170,10,0,1,1,241
Pikachu,80,130,60,200,Mexico,200,150,40,30,0,1,93,91
Mexico,200,150,40,30,Charizard,130,180,130,167,0,2,21,238
Batman,100,110,130,90,Pikachu,80,130,60,200,1,2,103,2
China,255,255,170,10,Mexico,200,150,40,30,1,1,210,1
Batman,100,110,130,90,Mexico,200,150,40,30,1,3,216,41
China,255,255,170,10,Charizard,130,180,130,167,1,1,136,10
China,255,255,170,10,Charizard,130,180,130,167,1,2,245,19
Mexico,200,150,40,30,China,255,255,170,10,0,1,1,238
Hulk,220,230,180,80,Pikachu,80,130,60,200,1,1,167,1
Hulk,220,230,180,80,Charizard,130,180,130,167,1,2,209,2
Batman,100,110,130,90,Pikachu,80,130,60,200,1,2,101,2
Charizard,130,180,130,167,China,255,255,170,10,0,2,20,238
Pikachu,80,130,60,200,Batman,100,110,130,90,0,2,2,100
Batman,100,110,130,90,Mexico,200,150,40,30,1,3,226,43
China,255,255,170,10,Pikachu,80,130,60,200,1,1,204,1
Batman,100,110,130,90,Mexico,200,150,40,30,1,3,206,43
Hulk,220,230,180,80,Pikachu,80,130,60,200,1,1,178,1
Charizard,130,180,130,167,Pikachu,80,130,60,200,1,1,130,1
Mexico,200,150,40,30,China,255,255,170,10,0,2,2,424
Pikachu,80,130,60,200,Batman,100,110,130,90,0,2,2,103
Mexico,200,150,40,30,Charizard,130,180,130,167,0,2,18,302
Batman,100,110,130,90,Pikachu,80,130,60,200,1,2,93,2
Mexico,200,150,40,30,Hulk,220,230,180,80,0,1,0,215
Batman,100,110,130,90,Mexico,200,150,40,30,1,3,230,43
Batman,100,110,130,90,China,255,255,170,10,0,1,1,135
China,255,255,170,10,Hulk,220,230,180,80,1,3,234,185
Charizard,130,180,130,167,Hulk,220,230,180,80,0,2,2,198
Hulk,220,230,180,80,Mexico,200,150,40,30,1,2,376,1
Mexico,200,150,40,30,Pikachu,80,130,60,200,1,1,81,91
Mexico,200,150,40,30,Hulk,220,230,180,80,0,2,1,346
Hulk,220,230,180,80,Charizard,130,180,130,167,1,2,202,2
Charizard,130,180,130,167,Hulk,220,230,180,80,0,2,2,182
Pikachu,80,130,60,200,Hulk,220,230,180,80,0,1,1,179
Hulk,220,230,180,80,China,255,255,170,10,0,3,183,224
China,255,255,170,10,Batman,100,110,130,90,1,1,125,1
Batman,100,110,130,90,Mexico,200,150,40,30,1,4,258,65
Mexico,200,150,40,30,China,255,255,170,10,0,1,1,233
China,255,255,170,10,Pikachu,80,130,60,200,1,1,193,1
Hulk,220,230,180,80,Pikachu,80,130,60,200,1,1,155,1
Batman,100,110,130,90,Pikachu,80,130,60,200,1,2,103,2
Charizard,130,180,130,167,Mexico,200,150,40,30,1,2,273,21
China,255,255,170,10,Hulk,220,230,180,80,1,3,231,169
Charizard,130,180,130,167,Batman,100,110,130,90,1,2,106,1
Charizard,130,180,130,167,Batman,100,110,130,90,1,3,139,2
Pikachu,80,130,60,200,Charizard,130,180,130,167,0,1,1,107
Hulk,220,230,180,80,Batman,100,110,130,90,1,2,187,2
Batman,100,110,130,90,Pikachu,80,130,60,200,1,2,108,2
China,255,255,170,10,Pikachu,80,130,60,200,1,1,185,1
Mexico,200,150,40,30,Hulk,220,230,180,80,0,2,1,369
Pikachu,80,130,60,200,China,255,255,170,10,0,1,1,216
Batman,100,110,130,90,Charizard,130,180,130,167,0,2,1,102
Mexico,200,150,40,30,Hulk,220,230,180,80,0,2,1,386
China,255,255,170,10,Pikachu,80,130,60,200,1,1,183,1
Hulk,220,230,180,80,Charizard,130,180,130,167,1,2,202,2
Batman,100,110,130,90,Hulk,220,230,180,80,0,1,1,112
Pikachu,80,130,60,200,Charizard,130,180,130,167,0,1,1,113
Hulk,220,230,180,80,Mexico,200,150,40,30,1,1,202,0
Batman,100,110,130,90,China,255,255,170,10,0,1,1,123
Mexico,200,150,40,30,Batman,100,110,130,90,0,4,60,260
Hulk,220,230,180,80,Pikachu,80,130,60,200,1,1,165,1
Pikachu,80,130,60,200,Hulk,220,230,180,80,0,1,1,169
Pikachu,80,130,60,200,Hulk,220,230,180,80,0,1,1,171
Pikachu,80,130,60,200,Hulk,220,230,180,80,0,1,1,152
Hulk,220,230,180,80,China,255,255,170,10,0,3,166,230
Pikachu,80,130,60,200,Hulk,220,230,180,80,0,1,1,188
Mexico,200,150,40,30,China,255,255,170,10,0,1,1,239
Mexico,200,150,40,30,Batman,100,110,130,90,0,3,41,215
Hulk,220,230,180,80,Batman,100,110,130,90,1,1,104,1
Batman,100,110,130,90,Mexico,200,150,40,30,1,3,209,38
China,255,255,170,10,Mexico,200,150,40,30,1,2,415,2
Charizard,130,180,130,167,Mexico,200,150,40,30,1,2,279,20
China,255,255,170,10,Hulk,220,230,180,80,1,3,234,186
Charizard,130,180,130,167,China,255,255,170,10,0,2,20,256
Hulk,220,230,180,80,China,255,255,170,10,0,3,178,229
Batman,100,110,130,90,Mexico,200,150,40,30,1,3,218,40
Charizard,130,180,130,167,Hulk,220,230,180,80,0,2,2,197
Batman,100,110,130,90,China,255,255,170,10,0,1,1,107
Pikachu,80,130,60,200,Batman,100,110,130,90,0,2,2,101
China,255,255,170,10,Pikachu,80,130,60,200,1,1,175,1
China,255,255,170,10,Charizard,130,180,130,167,1,2,262,21
China,255,255,170,10,Pikachu,80,130,60,200,1,1,215,1
Charizard,130,180,130,167,Pikachu,80,130,60,200,1,1,116,1
Batman,100,110,130,90,China,255,255,170,10,0,1,1,140
Mexico,200,150,40,30,China,255,255,170,10,0,2,2,390
China,255,255,170,10,Charizard,130,180,130,167,1,2,243,21
Batman,100,110,130,90,Charizard,130,180,130,167,0,3,2,149
Pikachu,80,130,60,200,Batman,100,110,130,90,0,2,2,91
Pikachu,80,130,60,200,Charizard,130,180,130,167,0,1,1,110
China,255,255,170,10,Mexico,200,150,40,30,1,1,234,1
Batman,100,110,130,90,Pikachu,80,130,60,200,1,2,97,2
Hulk,220,230,180,80,China,255,255,170,10,0,4,245,301
Hulk,220,230,180,80,Pikachu,80,130,60,200,1,1,177,1
Hulk,220,230,180,80,Batman,100,110,130,90,1,2,203,2
Hulk,220,230,180,80,Mexico,200,150,40,30,1,1,207,0
China,255,255,170,10,Charizard,130,180,130,167,1,2,236,20
Pikachu,80,130,60,200,China,255,255,170,10,0,1,1,198
Batman,100,110,130,90,China,255,255,170,10,0,1,1,113
Mexico,200,150,40,30,Hulk,220,230,180,80,0,1,0,203
Mexico,200,150,40,30,Batman,100,110,130,90,0,3,38,206
Mexico,200,150,40,30,Batman,100,110,130,90,0,3,36,203
Pikachu,80,130,60,200,Batman,100,110,130,90,0,2,2,107
Hulk,220,230,180,80,Batman,100,110,130,90,1,2,199,2
Charizard,130,180,130,167,Batman,100,110,130,90,1,3,146,2
Pikachu,80,130,60,200,Charizard,130,180,130,167,0,1,1,103
Pikachu,80,130,60,200,China,255,255,170,10,0,1,1,168
Hulk,220,230,180,80,China,255,255,170,10,0,3,185,223
Pikachu,80,130,60,200,Hulk,220,230,180,80,0,1,1,155
China,255,255,170,10,Pikachu,80,130,60,200,1,1,203,1
Mexico,200,150,40,30,Batman,100,110,130,90,0,3,44,213
Batman,100,110,130,90,Mexico,200,150,40,30,1,3,212,38
Batman,100,110,130,90,Pikachu,80,130,60,200,1,2,91,2
Hulk,220,230,180,80,Charizard,130,180,130,167,1,2,215,2
Hulk,220,230,180,80,Pikachu,80,130,60,200,1,1,174,1
Hulk,220,230,180,80,China,255,255,170,10,0,3,178,230
Hulk,220,230,180,80,Charizard,130,180,130,167,1,2,215,2
Batman,100,110,130,90,Mexico,200,150,40,30,1,3,216,41
Charizard,130,180,130,167,Batman,100,110,130,90,1,2,102,1
Hulk,220,230,180,80,Mexico,200,150,40,30,1,2,398,1
Pikachu,80,130,60,200,Hulk,220,230,180,80,0,1,1,175
Batman,100,110,130,90,Charizard,130,180,130,167,0,2,1,104
Charizard,130,180,130,167,Hulk,220,230,180,80,0,2,2,192
Mexico,200,150,40,30,Batman,100,110,130,90,0,3,38,211
Charizard,130,180,130,167,Hulk,220,230,180,80,0,2,2,205
Mexico,200,150,40,30,Pikachu,80,130,60,200,1,1,92,92
Charizard,130,180,130,167,Pikachu,80,130,60,200,1,1,131,1
Charizard,130,180,130,167,China,255,255,170,10,0,1,11,132
Batman,100,110,130,90,Pikachu,80,130,60,200,1,2,98,2
Pikachu,80,130,60,200,Hulk,220,230,180,80,0,1,1,162
China,255,255,170,10,Hulk,220,230,180,80,1,3,232,199
Hulk,220,230,180,80,China,255,255,170,10,0,3,166,231
Charizard,130,180,130,167,Pikachu,80,130,60,200,1,1,138,1
China,255,255,170,10,Batman,100,110,130,90,1,1,110,1
China,255,255,170,10,Mexico,200,150,40,30,1,2,405,2
Hulk,220,230,180,80,Pikachu,80,130,60,200,1,1,158,1
China,255,255,170,10,Batman,100,110,130,90,1,1,132,1
Charizard,130,180,130,167,China,255,255,170,10,0,2,20,239
Batman,100,110,130,90,Hulk,220,230,180,80,0,2,2,182
Batman,100,110,130,90,Pikachu,80,130,60,200,1,2,94,2
Mexico,200,150,40,30,Batman,100,110,130,90,0,3,41,213
China,255,255,170,10,Batman,100,110,130,90,1,1,108,1
Charizard,130,180,130,167,Hulk,220,230,180,80,0,2,2,178
Hulk,220,230,180,80,Pikachu,80,130,60,200,1,1,176,1
Charizard,130,180,130,167,Mexico,200,150,40,30,1,2,244,21
China,255,255,170,10,Hulk,220,230,180,80,1,4,286,232
Charizard,130,180,130,167,Pikachu,80,130,60,200,1,1,135,1
Batman,100,110,130,90,Pikachu,80,130,60,200,1,2,96,2
Mexico,200,150,40,30,Pikachu,80,130,60,200,1,1,102,89
Pikachu,80,130,60,200,China,255,255,170,10,0,1,1,205
Hulk,220,230,180,80,Mexico,200,150,40,30,1,1,211,0
Pikachu,80,130,60,200,Mexico,200,150,40,30,0,1,100,94
Charizard,130,180,130,167,China,255,255,170,10,0,1,10,133
Mexico,200,150,40,30,China,255,255,170,10,0,1,1,217
Charizard,130,180,130,167,Hulk,220,230,180,80,0,2,2,185
Charizard,130,180,130,167,Batman,100,110,130,90,1,2,101,1
Pikachu,80,130,60,200,Mexico,200,150,40,30,0,1,95,86
Mexico,200,150,40,30,Charizard,130,180,130,167,0,2,23,292
Pikachu,80,130,60,200,Mexico,200,150,40,30,0,1,100,101
Pikachu,80,130,60,200,Batman,100,110,130,90,0,2,2,94
Charizard,130,180,130,167,Pikachu,80,130,60,200,1,1,121,1
Hulk,220,230,180,80,Batman,100,110,130,90,1,1,106,1
China,255,255,170,10,Charizard,130,180,130,167,1,2,251,19
China,255,255,170,10,Batman,100,110,130,90,1,1,131,1
Batman,100,110,130,90,Hulk,220,230,180,80,0,2,2,197
Batman,100,110,130,90,Charizard,130,180,130,167,0,2,1,103
Hulk,220,230,180,80,Batman,100,110,130,90,1,2,208,2
Pikachu,80,130,60,200,Charizard,130,180,130,167,0,1,1,134
Hulk,220,230,180,80,Pikachu,80,130,60,200,1,1,189,1
China,255,255,170,10,Hulk,220,230,180,80,1,3,226,186
Charizard,130,180,130,167,Pikachu,80,130,60,200,1,1,103,1
Batman,100,110,130,90,Hulk,220,230,180,80,0,1,1,102
Charizard,130,180,130,167,Batman,100,110,130,90,1,3,144,2
Batman,100,110,130,90,Hulk,220,230,180,80,0,1,1,104
Charizard,130,180,130,167,China,255,255,170,10,0,2,19,218
Pikachu,80,130,60,200,Mexico,200,150,40,30,0,1,102,83
Hulk,220,230,180,80,Charizard,130,180,130,167,1,2,202,2
Batman,100,110,130,90,China,255,255,170,10,0,1,1,139
Charizard,130,180,130,167,China,255,255,170,10,0,2,21,229
Mexico,200,150,40,30,China,255,255,170,10,0,1,1,231
Batman,100,110,130,90,Hulk,220,230,180,80,0,1,1,111
Pikachu,80,130,60,200,Batman,100,110,130,90,0,2,2,105
Charizard,130,180,130,167,Batman,100,110,130,90,1,3,148,2
Pikachu,80,130,60,200,Charizard,130,180,130,167,0,1,1,116
Mexico,200,150,40,30,Hulk,220,230,180,80,0,2,1,384
Pikachu,80,130,60,200,Batman,100,110,130,90,0,2,2,93
Batman,100,110,130,90,Pikachu,80,130,60,200,1,2,102,2
China,255,255,170,10,Hulk,220,230,180,80,1,3,232,183
Pikachu,80,130,60,200,Mexico,200,150,40,30,0,1,85,94
Hulk,220,230,180,80,Charizard,130,180,130,167,1,2,187,2
Mexico,200,150,40,30,Pikachu,80,130,60,200,1,1,87,91
Batman,100,110,130,90,Hulk,220,230,180,80,0,2,2,204
Mexico,200,150,40,30,Batman,100,110,130,90,0,3,40,217
Pikachu,80,130,60,200,China,255,255,170,10,0,1,1,208
China,255,255,170,10,Mexico,200,150,40,30,1,2,386,2
Batman,100,110,130,90,Mexico,200,150,40,30,1,3,202,42
China,255,255,170,10,Charizard,130,180,130,167,1,1,131,9
China,255,255,170,10,Hulk,220,230,180,80,1,3,239,166
Charizard,130,180,130,167,Pikachu,80,130,60,200,1,1,104,1
Mexico,200,150,40,30,Pikachu,80,130,60,200,1,2,170,172
Mexico,200,150,40,30,Pikachu,80,130,60,200,1,1,88,78
Charizard,130,180,130,167,Hulk,220,230,180,80,0,2,2,206
Batman,100,110,130,90,Charizard,130,180,130,167,0,2,1,105
Pikachu,80,130,60,200,Hulk,220,230,180,80,0,1,1,161
China,255,255,170,10,Pikachu,80,130,60,200,1,1,215,1
Pikachu,80,130,60,200,Mexico,200,150,40,30,0,1,89,80
Mexico,200,150,40,30,Hulk,220,230,180,80,0,2,1,393
Batman,100,110,130,90,Pikachu,80,130,60,200,1,2,110,2
China,255,255,170,10,Batman,100,110,130,90,1,1,143,1
Mexico,200,150,40,30,China,255,255,170,10,0,1,1,203
Batman,100,110,130,90,Hulk,220,230,180,80,0,2,2,198
Batman,100,110,130,90,China,255,255,170,10,0,1,1,113
Batman,100,110,130,90,Charizard,130,180,130,167,0,3,2,148
Pikachu,80,130,60,200,Charizard,130,180,130,167,0,1,1,138
China,255,255,170,10,Pikachu,80,130,60,200,1,1,199,1
Hulk,220,230,180,80,Charizard,130,180,130,167,1,2,200,2
Mexico,200,150,40,30,Hulk,220,230,180,80,0,2,1,352
Hulk,220,230,180,80,Mexico,200,150,40,30,1,2,378,1
Pikachu,80,130,60,200,Charizard,130,180,130,167,0,1,1,132
Hulk,220,230,180,80,China,255,255,170,10,0,3,192,241
Batman,100,110,130,90,Mexico,200,150,40,30,1,3,218,39
Batman,100,110,130,90,Mexico,200,150,40,30,1,3,222,36
Mexico,200,150,40,30,Pikachu,80,130,60,200,1,1,84,103
Pikachu,80,130,60,200,Mexico,200,150,40,30,0,1,103,93
Charizard,130,180,130,167,Batman,100,110,130,90,1,3,143,2
Mexico,200,150,40,30,Pikachu,80,130,60,200,1,2,166,184
Mexico,200,150,40,30,Charizard,130,180,130,167,0,2,18,276
Pikachu,80,130,60,200,Charizard,130,180,130,167,0,1,1,118
Pikachu,80,130,60,200,China,255,255,170,10,0,1,1,175
Mexico,200,150,40,30,China,255,255,170,10,0,1,1,217
Mexico,200,150,40,30,Charizard,130,180,130,167,0,2,18,311
Batman,100,110,130,90,Charizard,130,180,130,167,0,3,2,138
Mexico,200,150,40,30,Pikachu,80,130,60,200,1,1,93,95
Pikachu,80,130,60,200,Mexico,200,150,40,30,0,2,180,172
Mexico,200,150,40,30,Pikachu,80,130,60,200,1,1,85,92
Charizard,130,180,130,167,Mexico,200,150,40,30,1,2,268,19
China,255,255,170,10,Pikachu,80,130,60,200,1,1,175,1
Pikachu,80,130,60,200,Hulk,220,230,180,80,0,1,1,173
Pikachu,80,130,60,200,Charizard,130,180,130,167,0,1,1,122
Mexico,200,150,40,30,Charizard,130,180,130,167,0,2,22,302
Charizard,130,180,130,167,Pikachu,80,130,60,200,1,1,134,1
Batman,100,110,130,90,China,255,255,170,10,0,1,1,107
Hulk,220,230,180,80,Pikachu,80,130,60,200,1,1,147,1
China,255,255,170,10,Hulk,220,230,180,80,1,3,238,180
Mexico,200,150,40,30,Hulk,220,230,180,80,0,1,0,208
Hulk,220,230,180,80,Batman,100,110,130,90,1,1,113,1
China,255,255,170,10,Batman,100,110,130,90,1,1,137,1
Hulk,220,230,180,80,China,255,255,170,10,0,3,175,237
Charizard,130,180,130,167,Batman,100,110,130,90,1,3,138,2
Mexico,200,150,40,30,China,255,255,170,10,0,2,2,401
Charizard,130,180,130,167,Mexico,200,150,40,30,1,2,275,21
Pikachu,80,130,60,200,China,255,255,170,10,0,1,1,212
Mexico,200,150,40,30,Batman,100,110,130,90,0,3,41,212
Batman,100,110,130,90,Charizard,130,180,130,167,0,3,2,154
Batman,100,110,130,90,China,255,255,170,10,0,1,1,123
Mexico,200,150,40,30,Batman,100,110,130,90,0,3,39,222
China,255,255,170,10,Pikachu,80,130,60,200,1,1,193,1
Batman,100,110,130,90,Pikachu,80,130,60,200,1,2,89,2
Pikachu,80,130,60,200,Batman,100,110,130,90,0,2,2,100
Pikachu,80,130,60,200,Charizard,130,180,130,167,0,1,1,134
Hulk,220,230,180,80,Pikachu,80,130,60,200,1,1,178,1
China,255,255,170,10,Batman,100,110,130,90,1,1,129,1
China,255,255,170,10,Charizard,130,180,130,167,1,1,139,9
Mexico,200,150,40,30,Batman,100,110,130,90,0,3,44,230
Mexico,200,150,40,30,Pikachu,80,130,60,200,1,1,93,92
Batman,100,110,130,90,China,255,255,170,10,0,1,1,138
Pikachu,80,130,60,200,Mexico,200,150,40,30,0,1,101,103
Pikachu,80,130,60,200,Batman,100,110,130,90,0,2,2,103
Charizard,130,180,130,167,China,255,255,170,10,0,2,20,242
China,255,255,170,10,Hulk,220,230,180,80,1,3,232,179
China,255,255,170,10,Charizard,130,180,130,167,1,1,139,9
Charizard,130,180,130,167,Hulk,220,230,180,80,0,2,2,216
Hulk,220,230,180,80,China,255,255,170,10,0,3,188,233
Hulk,220,230,180,80,Batman,100,110,130,90,1,1,104,1
China,255,255,170,10,Batman,100,110,130,90,1,1,137,1
China,255,255,170,10,Mexico,200,150,40,30,1,1,210,1
Pikachu,80,130,60,200,Batman,100,110,130,90,0,2,2,100
Batman,100,110,130,90,Hulk,220,230,180,80,0,1,1,114
Batman,100,110,130,90,China,255,255,170,10,0,1,1,110
China,255,255,170,10,Pikachu,80,130,60,200,1,1,209,1
Mexico,200,150,40,30,China,255,255,170,10,0,1,1,217
Batman,100,110,130,90,Pikachu,80,130,60,200,1,2,105,2
Hulk,220,230,180,80,Batman,100,110,130,90,1,2,189,2
Pikachu,80,130,60,200,China,255,255,170,10,0,1,1,219
Batman,100,110,130,90,Mexico,200,150,40,30,1,3,204,42
Batman,100,110,130,90,Mexico,200,150,40,30,1,4,279,57
Hulk,220,230,180,80,Batman,100,110,130,90,1,1,100,1
Charizard,130,180,130,167,Batman,100,110,130,90,1,3,137,2
Mexico,200,150,40,30,Pikachu,80,130,60,200,1,1,93,97
Batman,100,110,130,90,Charizard,130,180,130,167,0,3,2,143
Charizard,130,180,130,167,Batman,100,110,130,90,1,3,156,2
Charizard,130,180,130,167,China,255,255,170,10,0,2,21,253
Hulk,220,230,180,80,Charizard,130,180,130,167,1,2,211,2
Pikachu,80,130,60,200,Hulk,220,230,180,80,0,1,1,165
Mexico,200,150,40,30,China,255,255,170,10,0,1,1,231
Batman,100,110,130,90,Charizard,130,180,130,167,0,3,2,154
Pikachu,80,130,60,200,Mexico,200,150,40,30,0,1,102,89
Hulk,220,230,180,80,Mexico,200,150,40,30,1,1,216,0
Hulk,220,230,180,80,Pikachu,80,130,60,200,1,1,172,1
Mexico,200,150,40,30,China,255,255,170,10,0,1,1,225
Mexico,200,150,40,30,Hulk,220,230,180,80,0,2,1,353
Batman,100,110,130,90,China,255,255,170,10,0,1,1,132
Charizard,130,180,130,167,Batman,100,110,130,90,1,2,107,1
Charizard,130,180,130,167,Mexico,200,150,40,30,1,2,296,21
Pikachu,80,130,60,200,China,255,255,170,10,0,1,1,172
China,255,255,170,10,Mexico,200,150,40,30,1,1,201,1
Charizard,130,180,130,167,Pikachu,80,130,60,200,1,1,105,1
Batman,100,110,130,90,Charizard,130,180,130,167,0,2,1,110
Pikachu,80,130,60,200,Hulk,220,230,180,80,0,1,1,151
Hulk,220,230,180,80,Batman,100,110,130,90,1,2,182,2
Mexico,200,150,40,30,China,255,255,170,10,0,2,2,435
China,255,255,170,10,Mexico,200,150,40,30,1,1,233,1
Mexico,200,150,40,30,Pikachu,80,130,60,200,1,1,85,87
Pikachu,80,130,60,200,Mexico,200,150,40,30,0,1,102,84
China,255,255,170,10,Pikachu,80,130,60,200,1,1,220,1
Batman,100,110,130,90,China,255,255,170,10,0,1,1,125
Charizard,130,180,130,167,Batman,100,110,130,90,1,2,106,1
China,255,255,170,10,Mexico,200,150,40,30,1,2,386,2
China,255,255,170,10,Pikachu,80,130,60,200,1,1,174,1
Hulk,220,230,180,80,Pikachu,80,130,60,200,1,1,178,1
Mexico,200,150,40,30,Charizard,130,180,130,167,0,2,22,291
Batman,100,110,130,90,China,255,255,170,10,0,1,1,121
Hulk,220,230,180,80,Pikachu,80,130,60,200,1,1,145,1
Hulk,220,230,180,80,China,255,255,170,10,0,4,247,290
Mexico,200,150,40,30,Batman,100,110,130,90,0,3,41,220
Charizard,130,180,130,167,Hulk,220,230,180,80,0,2,2,208
China,255,255,170,10,Pikachu,80,130,60,200,1,1,187,1
Pikachu,80,130,60,200,China,255,255,170,10,0,1,1,174
Charizard,130,180,130,167,Pikachu,80,130,60,200,1,1,123,1
China,255,255,170,10,Hulk,220,230,180,80,1,3,226,175
Pikachu,80,130,60,200,Hulk,220,230,180,80,0,1,1,162
Hulk,220,230,180,80,Pikachu,80,130,60,200,1,1,155,1
Hulk,220,230,180,80,Batman,100,110,130,90,1,1,105,1
Batman,100,110,130,90,Charizard,130,180,130,167,0,3,2,148
Pikachu,80,130,60,200,China,255,255,170,10,0,1,1,202
Charizard,130,180,130,167,Hulk,220,230,180,80,0,2,2,214
Pikachu,80,130,60,200,China,255,255,170,10,0,1,1,215
Pikachu,80,130,60,200,Hulk,220,230,180,80,0,1,1,175
Batman,100,110,130,90,Charizard,130,180,130,167,0,3,2,145
China,255,255,170,10,Mexico,200,150,40,30,1,1,227,1
Batman,100,110,130,90,Charizard,130,180,130,167,0,3,2,138
Pikachu,80,130,60,200,Hulk,220,230,180,80,0,1,1,183
Charizard,130,180,130,167,Mexico,200,150,40,30,1,2,300,20
Pikachu,80,130,60,200,Charizard,130,180,130,167,0,1,1,133
Batman,100,110,130,90,China,255,255,170,10,0,1,1,107
China,255,255,170,10,Pikachu,80,130,60,200,1,1,176,1
Pikachu,80,130,60,200,Batman,100,110,130,90,0,2,2,103
Hulk,220,230,180,80,Charizard,130,180,130,167,1,2,201,2
Charizard,130,180,130,167,Batman,100,110,130,90,1,2,106,1
Batman,100,110,130,90,Pikachu,80,130,60,200,1,2,97,2
Charizard,130,180,130,167,Hulk,220,230,180,80,0,2,2,197
Batman,100,110,130,90,Hulk,220,230,180,80,0,1,1,108
Hulk,220,230,180,80,Charizard,130,180,130,167,1,2,197,2
China,255,255,170,10,Hulk,220,230,180,80,1,3,231,162
Mexico,200,150,40,30,Batman,100,110,130,90,0,3,43,215
Charizard,130,180,130,167,Hulk,220,230,180,80,0,2,2,212
Hulk,220,230,180,80,China,255,255,170,10,0,3,174,231
Mexico,200,150,40,30,Charizard,130,180,130,167,0,2,21,279
China,255,255,170,10,Charizard,130,180,130,167,1,2,251,18
Charizard,130,180,130,167,Batman,100,110,130,90,1,3,146,2
Mexico,200,150,40,30,Charizard,130,180,130,167,0,2,17,276
Mexico,200,150,40,30,Charizard,130,180,130,167,0,2,20,261
Mexico,200,150,40,30,Charizard,130,180,130,167,0,2,21,308
Hulk,220,230,180,80,Batman,100,110,130,90,1,1,102,1
Batman,100,110,130,90,Charizard,130,180,130,167,0,3,2,145
China,255,255,170,10,Mexico,200,150,40,30,1,1,210,1
Charizard,130,180,130,167,Hulk,220,230,180,80,0,2,2,205
Charizard,130,180,130,167,Batman,100,110,130,90,1,3,153,2
Batman,100,110,130,90,Pikachu,80,130,60,200,1,2,101,2
Pikachu,80,130,60,200,China,255,255,170,10,0,1,1,171
Pikachu,80,130,60,200,China,255,255,170,10,0,1,1,174
Mexico,200,150,40,30,Charizard,130,180,130,167,0,2,18,285
Mexico,200,150,40,30,Charizard,130,180,130,167,0,2,22,299
Pikachu,80,130,60,200,China,255,255,170,10,0,1,1,174
Hulk,220,230,180,80,China,255,255,170,10,0,3,167,241
China,255,255,170,10,Mexico,200,150,40,30,1,1,202,1
Mexico,200,150,40,30,Batman,100,110,130,90,0,3,39,225
Hulk,220,230,180,80,Pikachu,80,130,60,200,1,1,191,1
Mexico,200,150,40,30,Pikachu,80,130,60,200,1,1,86,79
Batman,100,110,130,90,Pikachu,80,130,60,200,1,2,89,2
Hulk,220,230,180,80,Charizard,130,180,130,167,1,2,199,2
Hulk,220,230,180,80,Batman,100,110,130,90,1,1,106,1
Hulk,220,230,180,80,Charizard,130,180,130,167,1,2,210,2
Pikachu,80,130,60,200,Hulk,220,230,180,80,0,1,1,168
Batman,100,110,130,90,Hulk,220,230,180,80,0,2,2,209
Mexico,200,150,40,30,China,255,255,170,10,0,1,1,234
Hulk,220,230,180,80,Pikachu,80,130,60,200,1,1,190,1
Pikachu,80,130,60,200,Hulk,220,230,180,80,0,1,1,154
Pikachu,80,130,60,200,Hulk,220,230,180,80,0,1,1,150
Charizard,130,180,130,167,China,255,255,170,10,0,2,20,221
China,255,255,170,10,Batman,100,110,130,90,1,1,124,1
China,255,255,170,10,Hulk,220,230,180,80,1,4,282,243
Batman,100,110,130,90,Mexico,200,150,40,30,1,3,214,43
Batman,100,110,130,90,China,255,255,170,10,0,1,1,128
Mexico,200,150,40,30,Charizard,130,180,130,167,0,2,18,287
Mexico,200,150,40,30,Pikachu,80,130,60,200,1,1,84,81
Charizard,130,180,130,167,Batman,100,110,130,90,1,2,103,1
Charizard,130,180,130,167,Hulk,220,230,180,80,0,2,2,191
China,255,255,170,10,Mexico,200,150,40,30,1,2,422,2
Mexico,200,150,40,30,Charizard,130,180,130,167,0,2,20,261
Mexico,200,150,40,30,Pikachu,80,130,60,200,1,1,87,101
China,255,255,170,10,Charizard,130,180,130,167,1,1,141,11
Charizard,130,180,130,167,Pikachu,80,130,60,200,1,1,122,1
Batman,100,110,130,90,Mexico,200,150,40,30,1,3,226,42
Batman,100,110,130,90,Charizard,130,180,130,167,0,2,1,110
Mexico,200,150,40,30,Pikachu,80,130,60,200,1,1,101,96
Charizard,130,180,130,167,Batman,100,110,130,90,1,3,144,2
Mexico,200,150,40,30,Pikachu,80,130,60,200,1,1,82,93
Batman,100,110,130,90,Charizard,130,180,130,167,0,3,2,154
Hulk,220,230,180,80,Pikachu,80,130,60,200,1,1,165,1
China,255,255,170,10,Mexico,200,150,40,30,1,1,216,1
Pikachu,80,130,60,200,Mexico,200,150,40,30,0,1,87,96
China,255,255,170,10,Mexico,200,150,40,30,1,2,387,2
China,255,255,170,10,Batman,100,110,130,90,1,1,134,1
China,255,255,170,10,Hulk,220,230,180,80,1,3,240,190
Charizard,130,180,130,167,Batman,100,110,130,90,1,3,148,2
Mexico,200,150,40,30,Pikachu,80,130,60,200,1,1,92,102
China,255,255,170,10,Pikachu,80,130,60,200,1,1,203,1
Mexico,200,150,40,30,China,255,255,170,10,0,1,1,213
Batman,100,110,130,90,Charizard,130,180,130,167,0,3,2,147
Mexico,200,150,40,30,Batman,100,110,130,90,0,4,56,275
Hulk,220,230,180,80,China,255,255,170,10,0,3,176,225
Pikachu,80,130,60,200,Hulk,220,230,180,80,0,1,1,170
Pikachu,80,130,60,200,Batman,100,110,130,90,0,2,2,107
Hulk,220,230,180,80,China,255,255,170,10,0,3,178,232
Batman,100,110,130,90,Pikachu,80,130,60,200,1,2,97,2
Pikachu,80,130,60,200,Mexico,200,150,40,30,0,1,86,94
Mexico,200,150,40,30,Pikachu,80,130,60,200,1,1,91,84
Pikachu,80,130,60,200,Batman,100,110,130,90,0,2,2,103
Charizard,130,180,130,167,Batman,100,110,130,90,1,2,102,1
Mexico,200,150,40,30,Hulk,220,230,180,80,0,1,0,201
Hulk,220,230,180,80,Mexico,200,150,40,30,1,2,375,1
Pikachu,80,130,60,200,Charizard,130,180,130,167,0,1,1,115
China,255,255,170,10,Hulk,220,230,180,80,1,4,297,232
Batman,100,110,130,90,Hulk,220,230,180,80,0,1,1,106
Pikachu,80,130,60,200,China,255,255,170,10,0,1,1,170
Charizard,130,180,130,167,Pikachu,80,130,60,200,1,1,113,1
Mexico,200,150,40,30,Charizard,130,180,130,167,0,2,22,297
Mexico,200,150,40,30,Charizard,130,180,130,167,0,2,17,302
Charizard,130,180,130,167,Hulk,220,230,180,80,0,2,2,178
Charizard,130,180,130,167,Pikachu,80,130,60,200,1,1,129,1
Pikachu,80,130,60,200,Hulk,220,230,180,80,0,1,1,169
China,255,255,170,10,Pikachu,80,130,60,200,1,1,168,1
Hulk,220,230,180,80,Batman,100,110,130,90,1,2,185,2
Mexico,200,150,40,30,Pikachu,80,130,60,200,1,1,98,97
Batman,100,110,130,90,Charizard,130,180,130,167,0,2,1,104
Pikachu,80,130,60,200,Hulk,220,230,180,80,0,1,1,183
Mexico,200,150,40,30,Batman,100,110,130,90,0,3,39,202
Batman,100,110,130,90,Pikachu,80,130,60,200,1,2,97,2
Charizard,130,180,130,167,Mexico,200,150,40,30,1,2,245,22
Hulk,220,230,180,80,Pikachu,80,130,60,200,1,1,191,1
Hulk,220,230,180,80,China,255,255,170,10,0,3,171,234
China,255,255,170,10,Hulk,220,230,180,80,1,3,221,161
Charizard,130,180,130,167,China,255,255,170,10,0,1,11,133
Batman,100,110,130,90,Pikachu,80,130,60,200,1,2,99,2
Hulk,220,230,180,80,Mexico,200,150,40,30,1,1,201,0
China,255,255,170,10,Charizard,130,180,130,167,1,2,230,21
Pikachu,80,130,60,200,China,255,255,170,10,0,1,1,187
Pikachu,80,130,60,200,China,255,255,170,10,0,1,1,189
Batman,100,110,130,90,Pikachu,80,130,60,200,1,2,105,2
Hulk,220,230,180,80,Charizard,130,180,130,167,1,2,217,2
China,255,255,170,10,Pikachu,80,130,60,200,1,1,191,1
China,255,255,170,10,Mexico,200,150,40,30,1,1,232,1
Batman,100,110,130,90,Mexico,200,150,40,30,1,3,228,41
China,255,255,170,10,Hulk,220,230,180,80,1,4,266,247
Hulk,220,230,180,80,Pikachu,80,130,60,200,1,1,170,1
Pikachu,80,130,60,200,Charizard,130,180,130,167,0,1,1,126
Charizard,130,180,130,167,Mexico,200,150,40,30,1,2,267,18
Batman,100,110,130,90,China,255,255,170,10,0,1,1,114
Hulk,220,230,180,80,China,255,255,170,10,0,3,178,238
Pikachu,80,130,60,200,China,255,255,170,10,0,1,1,173
China,255,255,170,10,Mexico,200,150,40,30,1,1,211,1
Pikachu,80,130,60,200,Hulk,220,230,180,80,0,1,1,178
Mexico,200,150,40,30,Charizard,130,180,130,167,0,2,18,289
China,255,255,170,10,Pikachu,80,130,60,200,1,1,194,1
Batman,100,110,130,90,Hulk,220,230,180,80,0,2,2,199
China,255,255,170,10,Mexico,200,150,40,30,1,1,245,1
Batman,100,110,130,90,Mexico,200,150,40,30,1,4,276,59
Batman,100,110,130,90,Pikachu,80,130,60,200,1,2,101,2
Mexico,200,150,40,30,China,255,255,170,10,0,1,1,225
Charizard,130,180,130,167,Hulk,220,230,180,80,0,2,2,190
Mexico,200,150,40,30,Pikachu,80,130,60,200,1,2,166,171
China,255,255,170,10,Batman,100,110,130,90,1,1,122,1
Pikachu,80,130,60,200,China,255,255,170,10,0,1,1,223
China,255,255,170,10,Batman,100,110,130,90,1,1,128,1
China,255,255,170,10,Pikachu,80,130,60,200,1,1,178,1
China,255,255,170,10,Batman,100,110,130,90,1,1,131,1
Charizard,130,180,130,167,Batman,100,110,130,90,1,3,150,2
Pikachu,80,130,60,200,Batman,100,110,130,90,0,2,2,97
Charizard,130,180,130,167,Batman,100,110,130,90,1,2,109,1
Pikachu,80,130,60,200,Batman,100,110,130,90,0,2,2,94
Charizard,130,180,130,167,Mexico,200,150,40,30,1,2,284,21
Mexico,200,150,40,30,China,255,255,170,10,0,1,1,203
China,255,255,170,10,Hulk,220,230,180,80,1,3,229,186
Batman,100,110,130,90,Charizard,130,180,130,167,0,2,1,108
Hulk,220,230,180,80,China,255,255,170,10,0,3,189,246
Hulk,220,230,180,80,Pikachu,80,130,60,200,1,1,163,1
Charizard,130,180,130,167,Hulk,220,230,180,80,0,2,2,204
Mexico,200,150,40,30,Pikachu,80,130,60,200,1,1,99,94
Mexico,200,150,40,30,Hulk,220,230,180,80,0,2,1,394
China,255,255,170,10,Charizard,130,180,130,167,1,2,250,18
China,255,255,170,10,Hulk,220,230,180,80,1,4,288,234
Hulk,220,230,180,80,Batman,100,110,130,90,1,1,111,1
Hulk,220,230,180,80,China,255,255,170,10,1,4,256,201
Mexico,200,150,40,30,Pikachu,80,130,60,200,1,1,99,87
Charizard,130,180,130,167,Hulk,220,230,180,80,0,2,2,208
Batman,100,110,130,90,Hulk,220,230,180,80,0,1,1,112
Charizard,130,180,130,167,Batman,100,110,130,90,1,3,139,2
Hulk,220,230,180,80,Charizard,130,180,130,167,1,2,183,2
Mexico,200,150,40,30,China,255,255,170,10,0,1,1,238
Pikachu,80,130,60,200,China,255,255,170,10,0,1,1,207
Pikachu,80,130,60,200,Mexico,200,150,40,30,0,1,91,89
Charizard,130,180,130,167,Mexico,200,150,40,30,1,2,290,23
Hulk,220,230,180,80,Mexico,200,150,40,30,1,1,208,0
Pikachu,80,130,60,200,Batman,100,110,130,90,0,2,2,97
Hulk,220,230,180,80,Charizard,130,180,130,167,1,2,203,2
Hulk,220,230,180,80,Pikachu,80,130,60,200,1,1,157,1
China,255,255,170,10,Hulk,220,230,180,80,1,3,254,175
Charizard,130,180,130,167,Mexico,200,150,40,30,1,2,285,22
Hulk,220,230,180,80,Mexico,200,150,40,30,1,1,212,0
Hulk,220,230,180,80,China,255,255,170,10,0,3,177,231
Mexico,200,150,40,30,China,255,255,170,10,0,1,1,236
Charizard,130,180,130,167,Mexico,200,150,40,30,1,2,284,19
Batman,100,110,130,90,Mexico,200,150,40,30,1,3,203,38
Hulk,220,230,180,80,Charizard,130,180,130,167,1,2,193,2
Pikachu,80,130,60,200,Charizard,130,180,130,167,0,1,1,128
Hulk,220,230,180,80,Charizard,130,180,130,167,1,2,201,2
China,255,255,170,10,Charizard,130,180,130,167,1,1,132,9
Mexico,200,150,40,30,Hulk,220,230,180,80,0,2,1,345
China,255,255,170,10,Batman,100,110,130,90,1,1,142,1
Batman,100,110,130,90,Hulk,220,230,180,80,0,1,1,112
China,255,255,170,10,Charizard,130,180,130,167,1,1,138,9
Pikachu,80,130,60,200,China,255,255,170,10,0,1,1,201
Charizard,130,180,130,167,Pikachu,80,130,60,200,1,1,108,1
Batman,100,110,130,90,Pikachu,80,130,60,200,1,2,106,2
Hulk,220,230,180,80,China,255,255,170,10,0,3,172,233
China,255,255,170,10,Hulk,220,230,180,80,1,3,248,171
China,255,255,170,10,Charizard,130,180,130,167,1,2,228,19
Batman,100,110,130,90,China,255,255,170,10,0,1,1,120
Hulk,220,230,180,80,China,255,255,170,10,0,3,178,229
China,255,255,170,10,Hulk,220,230,180,80,1,4,290,241
Hulk,220,230,180,80,Batman,100,110,130,90,1,1,109,1
Pikachu,80,130,60,200,Mexico,200,150,40,30,0,1,90,87
China,255,255,170,10,Mexico,200,150,40,30,1,1,240,1
Pikachu,80,130,60,200,Batman,100,110,130,90,0,2,2,93
China,255,255,170,10,Charizard,130,180,130,167,1,1,133,9
China,255,255,170,10,Charizard,130,180,130,167,1,2,243,20
Mexico,200,150,40,30,Hulk,220,230,180,80,0,1,0,214
Mexico,200,150,40,30,Hulk,220,230,180,80,0,2,1,373
Mexico,200,150,40,30,China,255,255,170,10,0,1,1,203
China,255,255,170,10,Charizard,130,180,130,167,1,1,141,10
Hulk,220,230,180,80,China,255,255,170,10,0,4,222,298
China,255,255,170,10,Pikachu,80,130,60,200,1,1,224,1
Batman,100,110,130,90,China,255,255,170,10,0,1,1,110
Hulk,220,230,180,80,Charizard,130,180,130,167,1,2,178,2
Charizard,130,180,130,167,Batman,100,110,130,90,1,2,107,1
Charizard,130,180,130,167,Batman,100,110,130,90,1,2,111,1
Charizard,130,180,130,167,China,255,255,170,10,0,2,21,225
Mexico,200,150,40,30,Pikachu,80,130,60,200,1,1,103,84
Pikachu,80,130,60,200,China,255,255,170,10,0,1,1,220
Pikachu,80,130,60,200,Mexico,200,150,40,30,0,2,180,173
China,255,255,170,10,Mexico,200,150,40,30,1,2,408,2
China,255,255,170,10,Mexico,200,150,40,30,1,1,247,1
Batman,100,110,130,90,Charizard,130,180,130,167,0,3,2,141
Pikachu,80,130,60,200,Batman,100,110,130,90,0,2,2,93
China,255,255,170,10,Pikachu,80,130,60,200,1,1,178,1
China,255,255,170,10,Hulk,220,230,180,80,1,3,220,179
Mexico,200,150,40,30,Batman,100,110,130,90,0,3,41,209
China,255,255,170,10,Hulk,220,230,180,80,1,4,284,229
Batman,100,110,130,90,Mexico,200,150,40,30,1,3,232,42
Batman,100,110,130,90,Hulk,220,230,180,80,0,2,2,208
Mexico,200,150,40,30,Charizard,130,180,130,167,0,2,21,292
Charizard,130,180,130,167,Batman,100,110,130,90,1,2,100,1
Pikachu,80,130,60,200,Batman,100,110,130,90,0,2,2,101
Batman,100,110,130,90,Mexico,200,150,40,30,1,3,218,38
China,255,255,170,10,Charizard,130,180,130,167,1,1,138,11
Pikachu,80,130,60,200,Hulk,220,230,180,80,0,1,1,180
Mexico,200,150,40,30,Batman,100,110,130,90,0,3,44,211
Charizard,130,180,130,167,Hulk,220,230,180,80,0,2,2,218
Pikachu,80,130,60,200,China,255,255,170,10,0,1,1,166
Pikachu,80,130,60,200,Hulk,220,230,180,80,0,1,1,169
Hulk,220,230,180,80,China,255,255,170,10,0,3,191,246
Mexico,200,150,40,30,China,255,255,170,10,0,2,2,383
Pikachu,80,130,60,200,Charizard,130,180,130,167,0,1,1,110
Hulk,220,230,180,80,Charizard,130,180,130,167,1,2,207,2
Charizard,130,180,130,167,Pikachu,80,130,60,200,1,1,119,1
China,255,255,170,10,Hulk,220,230,180,80,1,3,221,173
China,255,255,170,10,Batman,100,110,130,90,1,1,117,1
China,255,255,170,10,Pikachu,80,130,60,200,1,1,172,1
Hulk,220,230,180,80,China,255,255,170,10,0,3,194,230
China,255,255,170,10,Hulk,220,230,180,80,1,3,231,188
Hulk,220,230,180,80,Pikachu,80,130,60,200,1,1,166,1
Mexico,200,150,40,30,Batman,100,110,130,90,0,4,65,266
Hulk,220,230,180,80,China,255,255,170,10,0,4,227,281
Batman,100,110,130,90,China,255,255,170,10,0,1,1,117
Hulk,220,230,180,80,China,255,255,170,10,0,3,196,244
Charizard,130,180,130,167,Batman,100,110,130,90,1,3,135,2
Charizard,130,180,130,167,Batman,100,110,130,90,1,2,107,1
China,255,255,170,10,Mexico,200,150,40,30,1,1,219,1
Pikachu,80,130,60,200,Mexico,200,150,40,30,0,1,100,86
Charizard,130,180,130,167,Hulk,220,230,180,80,0,2,2,199
China,255,255,170,10,Pikachu,80,130,60,200,1,1,173,1
Charizard,130,180,130,167,China,255,255,170,10,0,2,19,227
Batman,100,110,130,90,Mexico,200,150,40,30,1,3,218,43
Pikachu,80,130,60,200,China,255,255,170,10,0,1,1,222
Pikachu,80,130,60,200,Hulk,220,230,180,80,0,1,1,176
Pikachu,80,130,60,200,Batman,100,110,130,90,0,2,2,100
Mexico,200,150,40,30,Charizard,130,180,130,167,0,2,21,301
China,255,255,170,10,Pikachu,80,130,60,200,1,1,187,1
Charizard,130,180,130,167,Pikachu,80,130,60,200,1,1,118,1
China,255,255,170,10,Pikachu,80,130,60,200,1,1,213,1
Mexico,200,150,40,30,Hulk,220,230,180,80,0,2,1,373
China,255,255,170,10,Mexico,200,150,40,30,1,2,416,2
Charizard,130,180,130,167,Hulk,220,230,180,80,0,2,2,196
Batman,100,110,130,90,Mexico,200,150,40,30,1,3,225,41
Pikachu,80,130,60,200,Hulk,220,230,180,80,0,1,1,165
Charizard,130,180,130,167,China,255,255,170,10,0,1,9,135
Hulk,220,230,180,80,Charizard,130,180,130,167,1,2,193,2
Hulk,220,230,180,80,Batman,100,110,130,90,1,2,204,2
Mexico,200,150,40,30,Hulk,220,230,180,80,0,1,0,213
Pikachu,80,130,60,200,Mexico,200,150,40,30,0,1,101,93
Charizard,130,180,130,167,China,255,255,170,10,0,2,20,250
Hulk,220,230,180,80,China,255,255,170,10,0,3,184,228
Pikachu,80,130,60,200,Batman,100,110,130,90,0,2,2,97
Batman,100,110,130,90,Mexico,200,150,40,30,1,3,203,39
Pikachu,80,130,60,200,Hulk,220,230,180,80,0,1,1,172
Mexico,200,150,40,30,Charizard,130,180,130,167,0,2,19,291
Batman,100,110,130,90,Pikachu,80,130,60,200,1,2,105,2
Pikachu,80,130,60,200,Hulk,220,230,180,80,0,1,1,193
China,255,255,170,10,Mexico,200,150,40,30,1,2,381,2
Hulk,220,230,180,80,Batman,100,110,130,90,1,1,112,1
Hulk,220,230,180,80,Batman,100,110,130,90,1,2,197,2
Hulk,220,230,180,80,Batman,100,110,130,90,1,1,106,1
Batman,100,110,130,90,Charizard,130,180,130,167,0,3,2,138
Charizard,130,180,130,167,China,255,255,170,10,0,2,20,249
China,255,255,170,10,Charizard,130,180,130,167,1,2,248,20
Batman,100,110,130,90,China,255,255,170,10,0,1,1,128
Hulk,220,230,180,80,China,255,255,170,10,0,3,196,226
Batman,100,110,130,90,Charizard,130,180,130,167,0,2,1,107
Batman,100,110,130,90,Hulk,220,230,180,80,0,2,2,198
Batman,100,110,130,90,Mexico,200,150,40,30,1,3,223,36
Mexico,200,150,40,30,Pikachu,80,130,60,200,1,1,80,91
Mexico,200,150,40,30,Hulk,220,230,180,80,0,2,1,386
Charizard,130,180,130,167,Batman,100,110,130,90,1,3,141,2
Hulk,220,230,180,80,China,255,255,170,10,0,4,222,283
China,255,255,170,10,Hulk,220,230,180,80,1,3,231,181
Hulk,220,230,180,80,China,255,255,170,10,0,3,169,230
China,255,255,170,10,Mexico,200,150,40,30,1,1,245,1
China,255,255,170,10,Mexico,200,150,40,30,1,1,239,1
Hulk,220,230,180,80,Pikachu,80,130,60,200,1,1,185,1
Hulk,220,230,180,80,Mexico,200,150,40,30,1,2,386,1
Charizard,130,180,130,167,Batman,100,110,130,90,1,2,108,1
Batman,100,110,130,90,Charizard,130,180,130,167,0,3,2,147
Pikachu,80,130,60,200,Mexico,200,150,40,30,0,1,98,83
Hulk,220,230,180,80,Batman,100,110,130,90,1,1,109,1
Batman,100,110,130,90,Mexico,200,150,40,30,1,3,215,34
China,255,255,170,10,Pikachu,80,130,60,200,1,1,184,1
Mexico,200,150,40,30,Pikachu,80,130,60,200,1,2,159,161
Mexico,200,150,40,30,Pikachu,80,130,60,200,1,1,102,81
Hulk,220,230,180,80,Charizard,130,180,130,167,1,2,220,2
Mexico,200,150,40,30,China,255,255,170,10,0,2,2,391
Pikachu,80,130,60,200,Hulk,220,230,180,80,0,1,1,183
Batman,100,110,130,90,Charizard,130,180,130,167,0,3,2,141
China,255,255,170,10,Batman,100,110,130,90,1,1,124,1
China,255,255,170,10,Charizard,130,180,130,167,1,2,235,21
Pikachu,80,130,60,200,Charizard,130,180,130,167,0,1,1,125
Charizard,130,180,130,167,Mexico,200,150,40,30,1,2,298,20
Batman,100,110,130,90,Charizard,130,180,130,167,0,2,1,105
Charizard,130,180,130,167,Hulk,220,230,180,80,0,2,2,197
Pikachu,80,130,60,200,China,255,255,170,10,0,1,1,202
Hulk,220,230,180,80,Charizard,130,180,130,167,1,2,216,2
Hulk,220,230,180,80,China,255,255,170,10,0,3,180,233
Batman,100,110,130,90,Hulk,220,230,180,80,0,2,2,198
Hulk,220,230,180,80,Batman,100,110,130,90,1,1,111,1
Charizard,130,180,130,167,Batman,100,110,130,90,1,2,106,1
Mexico,200,150,40,30,Hulk,220,230,180,80,0,1,0,217
Hulk,220,230,180,80,China,255,255,170,10,0,4,248,285
Pikachu,80,130,60,200,Batman,100,110,130,90,0,2,2,105
Hulk,220,230,180,80,China,255,255,170,10,0,4,248,297
Hulk,220,230,180,80,Pikachu,80,130,60,200,1,1,186,1
Batman,100,110,130,90,Mexico,200,150,40,30,1,3,207,45
Mexico,200,150,40,30,Charizard,130,180,130,167,0,2,18,258
Mexico,200,150,40,30,Hulk,220,230,180,80,0,2,1,369
Hulk,220,230,180,80,Charizard,130,180,130,167,1,2,193,2
Hulk,220,230,180,80,Batman,100,110,130,90,1,2,188,2
Mexico,200,150,40,30,Batman,100,110,130,90,0,3,39,208
Batman,100,110,130,90,Hulk,220,230,180,80,0,1,1,103
Hulk,220,230,180,80,Pikachu,80,130,60,200,1,1,192,1
Charizard,130,180,130,167,Batman,100,110,130,90,1,2,108,1
Pikachu,80,130,60,200,Batman,100,110,130,90,0,2,2,96
China,255,255,170,10,Pikachu,80,130,60,200,1,1,185,1
China,255,255,170,10,Mexico,200,150,40,30,1,1,216,1
China,255,255,170,10,Mexico,200,150,40,30,1,2,372,2
China,255,255,170,10,Batman,100,110,130,90,1,1,106,1
Charizard,130,180,130,167,Mexico,200,150,40,30,1,2,242,20
Hulk,220,230,180,80,Charizard,130,180,130,167,1,2,190,2
Charizard,130,180,130,167,Mexico,200,150,40,30,1,2,255,21
China,255,255,170,10,Hulk,220,230,180,80,1,4,285,239
Pikachu,80,130,60,200,Mexico,200,150,40,30,0,1,91,83
Pikachu,80,130,60,200,Batman,100,110,130,90,0,2,2,105
Pikachu,80,130,60,200,Hulk,220,230,180,80,0,1,1,164
Hulk,220,230,180,80,Pikachu,80,130,60,200,1,1,148,1
China,255,255,170,10,Pikachu,80,130,60,200,1,1,202,1
Pikachu,80,130,60,200,Hulk,220,230,180,80,0,1,1,173
Mexico,200,150,40,30,China,255,255,170,10,0,1,1,223
China,255,255,170,10,Charizard,130,180,130,167,1,1,136,11
Batman,100,110,130,90,Pikachu,80,130,60,200,1,2,101,2
Pikachu,80,130,60,200,Mexico,200,150,40,30,0,1,94,95
Pikachu,80,130,60,200,China,255,255,170,10,0,1,1,200
Pikachu,80,130,60,200,Hulk,220,230,180,80,0,1,1,181
Batman,100,110,130,90,Charizard,130,180,130,167,0,2,1,106
Mexico,200,150,40,30,China,255,255,170,10,0,1,1,223
Charizard,130,180,130,167,Hulk,220,230,180,80,0,2,2,189
Batman,100,110,130,90,Mexico,200,150,40,30,1,3,208,40
Mexico,200,150,40,30,Hulk,220,230,180,80,0,2,1,378
Hulk,220,230,180,80,Charizard,130,180,130,167,1,2,211,2
China,255,255,170,10,Mexico,200,150,40,30,1,2,429,2
Mexico,200,150,40,30,Charizard,130,180,130,167,0,2,21,307
Batman,100,110,130,90,Mexico,200,150,40,30,1,3,210,39
Pikachu,80,130,60,200,China,255,255,170,10,0,1,1,219
China,255,255,170,10,Charizard,130,180,130,167,1,1,130,11
Hulk,220,230,180,80,Charizard,130,180,130,167,1,2,199,2
Mexico,200,150,40,30,China,255,255,170,10,0,2,2,401
Pikachu,80,130,60,200,Mexico,200,150,40,30,0,1,77,80
Mexico,200,150,40,30,China,255,255,170,10,0,1,1,221
Mexico,200,150,40,30,Pikachu,80,130,60,200,1,1,82,103
Mexico,200,150,40,30,Charizard,130,180,130,167,0,2,19,254
Batman,100,110,130,90,Charizard,130,180,130,167,0,2,1,100
Pikachu,80,130,60,200,Hulk,220,230,180,80,0,1,1,151
Hulk,220,230,180,80,Pikachu,80,130,60,200,1,1,155,1
China,255,255,170,10,Charizard,130,180,130,167,1,2,246,19
Batman,100,110,130,90,China,255,255,170,10,0,1,1,109
Charizard,130,180,130,167,Hulk,220,230,180,80,0,2,2,187
Batman,100,110,130,90,China,255,255,170,10,0,1,1,115
Pikachu,80,130,60,200,Batman,100,110,130,90,0,2,2,100
Charizard,130,180,130,167,Pikachu,80,130,60,200,1,1,112,1
Charizard,130,180,130,167,Batman,100,110,130,90,1,2,103,1
Pikachu,80,130,60,200,China,255,255,170,10,0,1,1,202
Charizard,130,180,130,167,Batman,100,110,130,90,1,2,102,1
Mexico,200,150,40,30,China,255,255,170,10,0,2,2,411
China,255,255,170,10,Hulk,220,230,180,80,1,3,227,185
Charizard,130,180,130,167,China,255,255,170,10,0,2,20,261
Batman,100,110,130,90,Charizard,130,180,130,167,0,2,1,108
Charizard,130,180,130,167,Pikachu,80,130,60,200,1,1,121,1
Charizard,130,180,130,167,Batman,100,110,130,90,1,3,140,2
Mexico,200,150,40,30,China,255,255,170,10,0,1,1,207
Charizard,130,180,130,167,China,255,255,170,10,0,1,9,130
Mexico,200,150,40,30,Pikachu,80,130,60,200,1,1,90,84
Batman,100,110,130,90,Pikachu,80,130,60,200,1,2,100,2
Pikachu,80,130,60,200,Batman,100,110,130,90,0,2,2,92
Hulk,220,230,180,80,Mexico,200,150,40,30,1,2,341,1
Hulk,220,230,180,80,Batman,100,110,130,90,1,2,195,2
China,255,255,170,10,Hulk,220,230,180,80,1,3,244,186
China,255,255,170,10,Charizard,130,180,130,167,1,1,134,9
China,255,255,170,10,Charizard,130,180,130,167,1,1,136,10
China,255,255,170,10,Hulk,220,230,180,80,1,4,295,250
Pikachu,80,130,60,200,Mexico,200,150,40,30,0,1,80,100
Mexico,200,150,40,30,Pikachu,80,130,60,200,1,1,94,90
Mexico,200,150,40,30,Hulk,220,230,180,80,0,2,1,378
Hulk,220,230,180,80,Batman,100,110,130,90,1,1,103,1
Batman,100,110,130,90,Pikachu,80,130,60,200,1,2,92,2
Hulk,220,230,180,80,Batman,100,110,130,90,1,1,102,1
China,255,255,170,10,Hulk,220,230,180,80,1,4,302,228
Pikachu,80,130,60,200,Charizard,130,180,130,167,0,1,1,122
Pikachu,80,130,60,200,Batman,100,110,130,90,0,2,2,102
Mexico,200,150,40,30,Charizard,130,180,130,167,0,2,21,251
Pikachu,80,130,60,200,Mexico,200,150,40,30,0,1,91,81
China,255,255,170,10,Hulk,220,230,180,80,1,3,226,167
Charizard,130,180,130,167,Hulk,220,230,180,80,0,2,2,199
Charizard,130,180,130,167,Batman,100,110,130,90,1,3,146,2
Charizard,130,180,130,167,Pikachu,80,130,60,200,1,1,118,1
China,255,255,170,10,Batman,100,110,130,90,1,1,126,1
Batman,100,110,130,90,China,255,255,170,10,0,1,1,128
Hulk,220,230,180,80,Pikachu,80,130,60,200,1,1,189,1
China,255,255,170,10,Mexico,200,150,40,30,1,1,229,1
Mexico,200,150,40,30,China,255,255,170,10,0,1,1,235
Charizard,130,180,130,167,China,255,255,170,10,0,1,9,140
Hulk,220,230,180,80,China,255,255,170,10,0,3,171,246
Charizard,130,180,130,167,Hulk,220,230,180,80,0,2,2,216
Hulk,220,230,180,80,Charizard,130,180,130,167,1,2,186,2
Mexico,200,150,40,30,Pikachu,80,130,60,200,1,1,90,97
Mexico,200,150,40,30,China,255,255,170,10,0,2,2,412
Pikachu,80,130,60,200,China,255,255,170,10,0,1,1,209
Charizard,130,180,130,167,China,255,255,170,10,0,2,20,227
Hulk,220,230,180,80,China,255,255,170,10,1,4,255,201
Charizard,130,180,130,167,Hulk,220,230,180,80,0,2,2,192
Hulk,220,230,180,80,China,255,255,170,10,0,4,228,301
Batman,100,110,130,90,Charizard,130,180,130,167,0,2,1,101
Batman,100,110,130,90,Pikachu,80,130,60,200,1,2,90,2
China,255,255,170,10,Charizard,130,180,130,167,1,2,230,20
China,255,255,170,10,Pikachu,80,130,60,200,1,1,185,1
Charizard,130,180,130,167,Pikachu,80,130,60,200,1,1,134,1
Hulk,220,230,180,80,Charizard,130,180,130,167,1,2,195,2
Mexico,200,150,40,30,Batman,100,110,130,90,0,3,40,220
Charizard,130,180,130,167,Hulk,220,230,180,80,0,2,2,200
Pikachu,80,130,60,200,China,255,255,170,10,0,1,1,179
Hulk,220,230,180,80,Mexico,200,150,40,30,1,2,364,1
Charizard,130,180,130,167,China,255,255,170,10,0,2,20,239
Batman,100,110,130,90,Hulk,220,230,180,80,0,1,1,114
Batman,100,110,130,90,Mexico,200,150,40,30,1,3,228,44
Mexico,200,150,40,30,Charizard,130,180,130,167,0,2,22,278
Hulk,220,230,180,80,China,255,255,170,10,0,4,239,298
Pikachu,80,130,60,200,Charizard,130,180,130,167,0,1,1,129
Pikachu,80,130,60,200,Mexico,200,150,40,30,0,1,83,88
Charizard,130,180,130,167,Batman,100,110,130,90,1,3,142,2
Hulk,220,230,180,80,Pikachu,80,130,60,200,1,1,181,1
China,255,255,170,10,Mexico,200,150,40,30,1,1,203,1
Pikachu,80,130,60,200,Batman,100,110,130,90,0,2,2,103
Charizard,130,180,130,167,Mexico,200,150,40,30,1,2,254,18
Hulk,220,230,180,80,Charizard,130,180,130,167,1,2,217,2
Batman,100,110,130,90,Mexico,200,150,40,30,1,3,204,41
Pikachu,80,130,60,200,Charizard,130,180,130,167,0,1,1,107
Charizard,130,180,130,167,Batman,100,110,130,90,1,3,146,2
China,255,255,170,10,Mexico,200,150,40,30,1,2,417,2
Mexico,200,150,40,30,Hulk,220,230,180,80,0,2,1,367
China,255,255,170,10,Pikachu,80,130,60,200,1,1,187,1
China,255,255,170,10,Charizard,130,180,130,167,1,2,245,20
Charizard,130,180,130,167,China,255,255,170,10,0,2,20,256
Mexico,200,150,40,30,Batman,100,110,130,90,0,3,39,200
Mexico,200,150,40,30,China,255,255,170,10,0,1,1,214
Mexico,200,150,40,30,Charizard,130,180,130,167,0,2,18,306
Pikachu,80,130,60,200,Hulk,220,230,180,80,0,1,1,182
Mexico,200,150,40,30,China,255,255,170,10,0,1,1,210
China,255,255,170,10,Mexico,200,150,40,30,1,1,203,1
Batman,100,110,130,90,Pikachu,80,130,60,200,1,2,91,2
Batman,100,110,130,90,Charizard,130,180,130,167,0,3,2,144
Batman,100,110,130,90,China,255,255,170,10,0,1,1,120
Pikachu,80,130,60,200,China,255,255,170,10,0,1,1,209
Charizard,130,180,130,167,China,255,255,170,10,0,1,9,137
Hulk,220,230,180,80,Pikachu,80,130,60,200,1,1,177,1
Mexico,200,150,40,30,Batman,100,110,130,90,0,3,42,213
Charizard,130,180,130,167,Pikachu,80,130,60,200,1,1,105,1
Hulk,220,230,180,80,China,255,255,170,10,0,3,179,225
China,255,255,170,10,Mexico,200,150,40,30,1,1,215,1
Batman,100,110,130,90,China,255,255,170,10,0,1,1,134
Hulk,220,230,180,80,Pikachu,80,130,60,200,1,1,174,1
Mexico,200,150,40,30,Charizard,130,180,130,167,0,2,18,280
Hulk,220,230,180,80,Mexico,200,150,40,30,1,2,352,1
Pikachu,80,130,60,200,Hulk,220,230,180,80,0,1,1,166
China,255,255,170,10,Mexico,200,150,40,30,1,2,422,2
Charizard,130,180,130,167,China,255,255,170,10,0,1,9,142
China,255,255,170,10,Batman,100,110,130,90,1,1,113,1
Pikachu,80,130,60,200,Charizard,130,180,130,167,0,1,1,109
China,255,255,170,10,Hulk,220,230,180,80,1,4,288,241
Batman,100,110,130,90,Charizard,130,180,130,167,0,3,2,148
Pikachu,80,130,60,200,Batman,100,110,130,90,0,2,2,97
China,255,255,170,10,Batman,100,110,130,90,1,1,142,1
Mexico,200,150,40,30,China,255,255,170,10,0,1,1,204
China,255,255,170,10,Mexico,200,150,40,30,1,1,240,1
Mexico,200,150,40,30,Charizard,130,180,130,167,0,2,21,294
Pikachu,80,130,60,200,Mexico,200,150,40,30,0,1,100,98
Pikachu,80,130,60,200,China,255,255,170,10,0,1,1,189
Charizard,130,180,130,167,Pikachu,80,130,60,200,1,1,133,1
Mexico,200,150,40,30,Charizard,130,180,130,167,0,2,21,281
China,255,255,170,10,Batman,100,110,130,90,1,1,113,1
Hulk,220,230,180,80,Mexico,200,150,40,30,1,2,326,1
Hulk,220,230,180,80,Mexico,200,150,40,30,1,1,200,0
Charizard,130,180,130,167,Batman,100,110,130,90,1,2,104,1
Mexico,200,150,40,30,China,255,255,170,10,0,1,1,243
China,255,255,170,10,Pikachu,80,130,60,200,1,1,183,1
Charizard,130,180,130,167,Hulk,220,230,180,80,0,2,2,217
Pikachu,80,130,60,200,Charizard,130,180,130,167,0,1,1,105
Hulk,220,230,180,80,Batman,100,110,130,90,1,2,213,2
China,255,255,170,10,Batman,100,110,130,90,1,1,114,1
Hulk,220,230,180,80,Pikachu,80,130,60,200,1,1,195,1
Pikachu,80,130,60,200,Charizard,130,180,130,167,0,1,1,114
China,255,255,170,10,Mexico,200,150,40,30,1,2,440,2
Pikachu,80,130,60,200,Charizard,130,180,130,167,0,1,1,125
China,255,255,170,10,Pikachu,80,130,60,200,1,1,185,1
Charizard,130,180,130,167,Batman,100,110,130,90,1,2,106,1
China,255,255,170,10,Hulk,220,230,180,80,1,3,225,186
Mexico,200,150,40,30,Pikachu,80,130,60,200,1,1,86,80
Batman,100,110,130,90,Charizard,130,180,130,167,0,2,1,102
Mexico,200,150,40,30,China,255,255,170,10,0,2,2,400
China,255,255,170,10,Hulk,220,230,180,80,1,3,231,180
Charizard,130,180,130,167,Pikachu,80,130,60,200,1,1,121,1
China,255,255,170,10,Mexico,200,150,40,30,1,1,244,1
Charizard,130,180,130,167,China,255,255,170,10,0,2,20,246
Hulk,220,230,180,80,Pikachu,80,130,60,200,1,1,160,1
Hulk,220,230,180,80,Pikachu,80,130,60,200,1,1,188,1
Batman,100,110,130,90,China,255,255,170,10,0,1,1,114
Mexico,200,150,40,30,China,255,255,170,10,0,1,1,235
Charizard,130,180,130,167,Hulk,220,230,180,80,0,2,2,220
Charizard,130,180,130,167,China,255,255,170,10,0,2,22,257
Charizard,130,180,130,167,Pikachu,80,130,60,200,1,1,114,1
Hulk,220,230,180,80,China,255,255,170,10,0,3,183,236
Charizard,130,180,130,167,Batman,100,110,130,90,1,2,102,1
Batman,100,110,130,90,Pikachu,80,130,60,200,1,2,98,2
Charizard,130,180,130,167,China,255,255,170,10,0,2,20,231
Hulk,220,230,180,80,Charizard,130,180,130,167,1,2,187,2
Hulk,220,230,180,80,Charizard,130,180,130,167,1,2,204,2
Pikachu,80,130,60,200,Hulk,220,230,180,80,0,1,1,169
Pikachu,80,130,60,200,Hulk,220,230,180,80,0,1,1,178
Batman,100,110,130,90,China,255,255,170,10,0,1,1,130
China,255,255,170,10,Charizard,130,180,130,167,1,2,247,19
Charizard,130,180,130,167,China,255,255,170,10,0,1,11,143
Hulk,220,230,180,80,Pikachu,80,130,60,200,1,1,189,1
Hulk,220,230,180,80,China,255,255,170,10,0,4,229,294
Pikachu,80,130,60,200,Batman,100,110,130,90,0,2,2,105
Batman,100,110,130,90,Charizard,130,180,130,167,0,2,1,101
Mexico,200,150,40,30,Batman,100,110,130,90,0,3,41,207
China,255,255,170,10,Pikachu,80,130,60,200,1,1,214,1
Batman,100,110,130,90,China,255,255,170,10,0,1,1,138
Batman,100,110,130,90,Pikachu,80,130,60,200,1,2,90,2
Batman,100,110,130,90,Charizard,130,180,130,167,0,3,2,141
Hulk,220,230,180,80,Charizard,130,180,130,167,1,2,181,2
Pikachu,80,130,60,200,Batman,100,110,130,90,0,2,2,114
Hulk,220,230,180,80,Pikachu,80,130,60,200,1,1,147,1
Batman,100,110,130,90,Mexico,200,150,40,30,1,3,215,41
Mexico,200,150,40,30,Batman,100,110,130,90,0,4,58,263
Charizard,130,180,130,167,Hulk,220,230,180,80,0,2,2,180
Batman,100,110,130,90,China,255,255,170,10,0,1,1,116
China,255,255,170,10,Charizard,130,180,130,167,1,2,231,19
Hulk,220,230,180,80,Charizard,130,180,130,167,1,2,202,2
Hulk,220,230,180,80,Charizard,130,180,130,167,1,2,202,2
Charizard,130,180,130,167,China,255,255,170,10,0,2,22,238
Batman,100,110,130,90,Charizard,130,180,130,167,0,3,2,131
Hulk,220,230,180,80,Pikachu,80,130,60,200,1,1,162,1
Mexico,200,150,40,30,Charizard,130,180,130,167,0,2,18,274
China,255,255,170,10,Charizard,130,180,130,167,1,2,223,21
Hulk,220,230,180,80,Mexico,200,150,40,30,1,2,362,1
Mexico,200,150,40,30,Batman,100,110,130,90,0,3,42,213
China,255,255,170,10,Charizard,130,180,130,167,1,1,134,10
Batman,100,110,130,90,Hulk,220,230,180,80,0,1,1,110
China,255,255,170,10,Batman,100,110,130,90,1,1,107,1
Batman,100,110,130,90,Charizard,130,180,130,167,0,2,1,103
Mexico,200,150,40,30,Pikachu,80,130,60,200,1,1,94,101
Mexico,200,150,40,30,Charizard,130,180,130,167,0,2,20,285
China,255,255,170,10,Mexico,200,150,40,30,1,1,215,1
Mexico,200,150,40,30,China,255,255,170,10,0,1,1,229
Charizard,130,180,130,167,Mexico,200,150,40,30,1,2,278,18
Mexico,200,150,40,30,Pikachu,80,130,60,200,1,2,158,177
Batman,100,110,130,90,Pikachu,80,130,60,200,1,2,102,2
Pikachu,80,130,60,200,China,255,255,170,10,0,1,1,220
Charizard,130,180,130,167,China,255,255,170,10,0,1,10,132
Hulk,220,230,180,80,Batman,100,110,130,90,1,2,209,2
Hulk,220,230,180,80,Pikachu,80,130,60,200,1,1,180,1
Hulk,220,230,180,80,Mexico,200,150,40,30,1,2,391,1
Batman,100,110,130,90,Hulk,220,230,180,80,0,2,2,211
Batman,100,110,130,90,Charizard,130,180,130,167,0,3,2,132
China,255,255,170,10,Hulk,220,230,180,80,1,3,248,177
Pikachu,80,130,60,200,Mexico,200,150,40,30,0,1,85,84
Charizard,130,180,130,167,Pikachu,80,130,60,200,1,1,122,1
Charizard,130,180,130,167,Mexico,200,150,40,30,1,2,299,23
Pikachu,80,130,60,200,China,255,255,170,10,0,1,1,215
Pikachu,80,130,60,200,Mexico,200,150,40,30,0,1,77,89
Mexico,200,150,40,30,Hulk,220,230,180,80,0,2,1,371
China,255,255,170,10,Mexico,200,150,40,30,1,1,211,1
Charizard,130,180,130,167,Pikachu,80,130,60,200,1,1,134,1
China,255,255,170,10,Pikachu,80,130,60,200,1,1,166,1
Hulk,220,230,180,80,Mexico,200,150,40,30,1,2,353,1
China,255,255,170,10,Charizard,130,180,130,167,1,2,247,21
China,255,255,170,10,Charizard,130,180,130,167,1,1,134,9
Pikachu,80,130,60,200,Mexico,200,150,40,30,0,1,100,96
Pikachu,80,130,60,200,Charizard,130,180,130,167,0,1,1,107
China,255,255,170,10,Mexico,200,150,40,30,1,2,407,2
Hulk,220,230,180,80,Mexico,200,150,40,30,1,2,358,1
Hulk,220,230,180,80,Charizard,130,180,130,167,1,2,208,2
Hulk,220,230,180,80,China,255,255,170,10,0,4,238,281
Mexico,200,150,40,30,China,255,255,170,10,0,1,1,230
China,255,255,170,10,Hulk,220,230,180,80,1,4,300,230
Mexico,200,150,40,30,Charizard,130,180,130,167,0,2,20,286
Pikachu,80,130,60,200,Batman,100,110,130,90,0,2,2,97
Charizard,130,180,130,167,Hulk,220,230,180,80,0,2,2,188
Charizard,130,180,130,167,China,255,255,170,10,0,2,20,235
Batman,100,110,130,90,Mexico,200,150,40,30,1,4,260,63
Pikachu,80,130,60,200,Mexico,200,150,40,30,0,1,86,102
Hulk,220,230,180,80,China,255,255,170,10,0,4,228,289
Batman,100,110,130,90,Pikachu,80,130,60,200,1,2,94,2
Pikachu,80,130,60,200,Hulk,220,230,180,80,0,1,1,179
Charizard,130,180,130,167,Mexico,200,150,40,30,1,2,284,22
Batman,100,110,130,90,Hulk,220,230,180,80,0,2,2,195
Pikachu,80,130,60,200,Hulk,220,230,180,80,0,1,1,182
Pikachu,80,130,60,200,Hulk,220,230,180,80,0,1,1,191
Hulk,220,230,180,80,Charizard,130,180,130,167,1,2,211,2
Batman,100,110,130,90,Mexico,200,150,40,30,1,3,204,40
Charizard,130,180,130,167,Hulk,220,230,180,80,0,2,2,214
Batman,100,110,130,90,Mexico,200,150,40,30,1,3,214,42
China,255,255,170,10,Batman,100,110,130,90,1,1,125,1
Pikachu,80,130,60,200,Charizard,130,180,130,167,0,1,1,127
Charizard,130,180,130,167,Mexico,200,150,40,30,1,2,273,20
Hulk,220,230,180,80,Charizard,130,180,130,167,1,2,208,2
Pikachu,80,130,60,200,Charizard,130,180,130,167,0,1,1,120
Batman,100,110,130,90,China,255,255,170,10,0,1,1,116
Charizard,130,180,130,167,Pikachu,80,130,60,200,1,1,110,1
Hulk,220,230,180,80,Pikachu,80,130,60,200,1,1,185,1
China,255,255,170,10,Batman,100,110,130,90,1,1,126,1
Mexico,200,150,40,30,Charizard,130,180,130,167,0,2,19,255
Charizard,130,180,130,167,Pikachu,80,130,60,200,1,1,113,1
Hulk,220,230,180,80,Charizard,130,180,130,167,1,2,204,2
Pikachu,80,130,60,200,Charizard,130,180,130,167,0,1,1,110
Pikachu,80,130,60,200,Hulk,220,230,180,80,0,1,1,177
Mexico,200,150,40,30,Hulk,220,230,180,80,0,2,1,359
Hulk,220,230,180,80,Charizard,130,180,130,167,1,2,190,2
Pikachu,80,130,60,200,Mexico,200,150,40,30,0,1,82,103
Charizard,130,180,130,167,Mexico,200,150,40,30,1,2,320,20
Batman,100,110,130,90,Pikachu,80,130,60,200,1,2,99,2
Hulk,220,230,180,80,Batman,100,110,130,90,1,1,110,1
Charizard,130,180,130,167,Mexico,200,150,40,30,1,2,283,20
China,255,255,170,10,Charizard,130,180,130,167,1,1,134,10
China,255,255,170,10,Mexico,200,150,40,30,1,1,214,1
China,255,255,170,10,Charizard,130,180,130,167,1,1,137,10
Charizard,130,180,130,167,Hulk,220,230,180,80,0,2,2,206
Mexico,200,150,40,30,Charizard,130,180,130,167,0,2,22,304
Charizard,130,180,130,167,Pikachu,80,130,60,200,1,1,117,1
China,255,255,170,10,Hulk,220,230,180,80,1,3,230,179
Pikachu,80,130,60,200,Hulk,220,230,180,80,0,1,1,183
Hulk,220,230,180,80,Pikachu,80,130,60,200,1,1,184,1
Mexico,200,150,40,30,Charizard,130,180,130,167,0,2,21,310
Pikachu,80,130,60,200,Hulk,220,230,180,80,0,1,1,186
Hulk,220,230,180,80,Pikachu,80,130,60,200,1,1,169,1
Batman,100,110,130,90,China,255,255,170,10,0,1,1,118
China,255,255,170,10,Charizard,130,180,130,167,1,2,254,18
Pikachu,80,130,60,200,Hulk,220,230,180,80,0,1,1,160
Batman,100,110,130,90,China,255,255,170,10,0,1,1,140
Pikachu,80,130,60,200,Charizard,130,180,130,167,0,1,1,107
Hulk,220,230,180,80,Mexico,200,150,40,30,1,2,357,1
Hulk,220,230,180,80,Pikachu,80,130,60,200,1,1,195,1
Charizard,130,180,130,167,Pikachu,80,130,60,200,1,1,112,1
Pikachu,80,130,60,200,Batman,100,110,130,90,0,2,2,92
Pikachu,80,130,60,200,Batman,100,110,130,90,0,2,2,94
China,255,255,170,10,Charizard,130,180,130,167,1,1,132,11
Batman,100,110,130,90,Mexico,200,150,40,30,1,3,225,39
Hulk,220,230,180,80,Pikachu,80,130,60,200,1,1,188,1
Charizard,130,180,130,167,Hulk,220,230,180,80,0,2,2,206
China,255,255,170,10,Pikachu,80,130,60,200,1,1,191,1
Hulk,220,230,180,80,Mexico,200,150,40,30,1,2,339,1
China,255,255,170,10,Mexico,200,150,40,30,1,1,210,1
Hulk,220,230,180,80,China,255,255,170,10,0,3,183,235
Batman,100,110,130,90,China,255,255,170,10,0,1,1,125
Batman,100,110,130,90,Charizard,130,180,130,167,0,3,2,150
Hulk,220,230,180,80,Charizard,130,180,130,167,1,2,207,2
Pikachu,80,130,60,200,Mexico,200,150,40,30,0,1,92,102
Pikachu,80,130,60,200,Hulk,220,230,180,80,0,1,1,163
Charizard,130,180,130,167,Mexico,200,150,40,30,1,2,280,22
China,255,255,170,10,Charizard,130,180,130,167,1,2,226,20
Hulk,220,230,180,80,Charizard,130,180,130,167,1,2,182,2
Hulk,220,230,180,80,Pikachu,80,130,60,200,1,1,148,1
Batman,100,110,130,90,Charizard,130,180,130,167,0,3,2,138
China,255,255,170,10,Charizard,130,180,130,167,1,2,250,20
Mexico,200,150,40,30,China,255,255,170,10,0,1,1,205
Hulk,220,230,180,80,Pikachu,80,130,60,200,1,1,152,1
Hulk,220,230,180,80,Pikachu,80,130,60,200,1,1,153,1
Charizard,130,180,130,167,Pikachu,80,130,60,200,1,1,117,1
China,255,255,170,10,Batman,100,110,130,90,1,1,116,1
Batman,100,110,130,90,Hulk,220,230,180,80,0,2,2,185
Pikachu,80,130,60,200,Batman,100,110,130,90,0,2,2,106
Pikachu,80,130,60,200,Charizard,130,180,130,167,0,1,1,132
Batman,100,110,130,90,Hulk,220,230,180,80,0,1,1,109
China,255,255,170,10,Hulk,220,230,180,80,1,3,223,188
Charizard,130,180,130,167,Mexico,200,150,40,30,1,2,268,17
Mexico,200,150,40,30,Pikachu,80,130,60,200,1,1,81,83
Pikachu,80,130,60,200,Hulk,220,230,180,80,0,1,1,145
Mexico,200,150,40,30,Charizard,130,180,130,167,0,2,21,262
Mexico,200,150,40,30,Pikachu,80,130,60,200,1,1,92,103
Batman,100,110,130,90,China,255,255,170,10,0,1,1,118
Mexico,200,150,40,30,Pikachu,80,130,60,200,1,1,97,103
China,255,255,170,10,Batman,100,110,130,90,1,1,134,1
Hulk,220,230,180,80,Mexico,200,150,40,30,1,1,217,0
Hulk,220,230,180,80,Pikachu,80,130,60,200,1,1,190,1
Batman,100,110,130,90,Pikachu,80,130,60,200,1,2,108,2
China,255,255,170,10,Batman,100,110,130,90,1,1,108,1
Charizard,130,180,130,167,Hulk,220,230,180,80,0,2,2,201
Charizard,130,180,130,167,Hulk,220,230,180,80,0,2,2,195
Batman,100,110,130,90,Hulk,220,230,180,80,0,1,1,103
Batman,100,110,130,90,Mexico,200,150,40,30,1,3,214,39
Pikachu,80,130,60,200,China,255,255,170,10,0,1,1,224
Batman,100,110,130,90,Pikachu,80,130,60,200,1,2,95,2
Pikachu,80,130,60,200,Charizard,130,180,130,167,0,1,1,113
Pikachu,80,130,60,200,China,255,255,170,10,0,1,1,184
Mexico,200,150,40,30,Charizard,130,180,130,167,0,2,20,256
Pikachu,80,130,60,200,Charizard,130,180,130,167,0,1,1,119
China,255,255,170,10,Mexico,200,150,40,30,1,1,211,1
Charizard,130,180,130,167,Pikachu,80,130,60,200,1,1,120,1
Mexico,200,150,40,30,Hulk,220,230,180,80,0,2,1,398
Charizard,130,180,130,167,China,255,255,170,10,0,1,10,138
Mexico,200,150,40,30,Hulk,220,230,180,80,0,2,1,353
Hulk,220,230,180,80,Pikachu,80,130,60,200,1,1,177,1
Hulk,220,230,180,80,Charizard,130,180,130,167,1,2,190,2
China,255,255,170,10,Charizard,130,180,130,167,1,1,138,10
Charizard,130,180,130,167,China,255,255,170,10,0,1,11,131
Mexico,200,150,40,30,China,255,255,170,10,0,1,1,217
China,255,255,170,10,Pikachu,80,130,60,200,1,1,209,1
China,255,255,170,10,Hulk,220,230,180,80,1,3,237,172
China,255,255,170,10,Pikachu,80,130,60,200,1,1,168,1
Charizard,130,180,130,167,China,255,255,170,10,0,2,19,257
China,255,255,170,10,Pikachu,80,130,60,200,1,1,187,1
China,255,255,170,10,Hulk,220,230,180,80,1,4,286,219
Mexico,200,150,40,30,China,255,255,170,10,0,1,1,239
China,255,255,170,10,Hulk,220,230,180,80,1,3,245,169
Mexico,200,150,40,30,Hulk,220,230,180,80,0,2,1,356
China,255,255,170,10,Batman,100,110,130,90,1,1,112,1
Hulk,220,230,180,80,China,255,255,170,10,0,3,180,220
Pikachu,80,130,60,200,Batman,100,110,130,90,0,2,2,104
Hulk,220,230,180,80,Mexico,200,150,40,30,1,2,377,1
China,255,255,170,10,Mexico,200,150,40,30,1,1,245,1
China,255,255,170,10,Mexico,200,150,40,30,1,2,419,2
Charizard,130,180,130,167,China,255,255,170,10,0,2,19,262
Charizard,130,180,130,167,China,255,255,170,10,0,1,11,135
Batman,100,110,130,90,China,255,255,170,10,0,1,1,114
Charizard,130,180,130,167,Batman,100,110,130,90,1,2,105,1
Mexico,200,150,40,30,Hulk,220,230,180,80,0,2,1,391
Hulk,220,230,180,80,China,255,255,170,10,1,4,261,216
China,255,255,170,10,Hulk,220,230,180,80,1,3,229,168
Hulk,220,230,180,80,China,255,255,170,10,0,3,183,230
Pikachu,80,130,60,200,Hulk,220,230,180,80,0,1,1,176
China,255,255,170,10,Pikachu,80,130,60,200,1,1,210,1
Batman,100,110,130,90,Pikachu,80,130,60,200,1,2,103,2
China,255,255,170,10,Charizard,130,180,130,167,1,2,237,19
China,255,255,170,10,Pikachu,80,130,60,200,1,1,212,1
China,255,255,170,10,Hulk,220,230,180,80,1,3,232,200
Batman,100,110,130,90,Mexico,200,150,40,30,1,3,210,43
Hulk,220,230,180,80,Charizard,130,180,130,167,1,2,198,2
Mexico,200,150,40,30,Batman,100,110,130,90,0,3,44,224
Charizard,130,180,130,167,Batman,100,110,130,90,1,2,109,1
Pikachu,80,130,60,200,Batman,100,110,130,90,0,2,2,110
China,255,255,170,10,Mexico,200,150,40,30,1,1,211,1
Pikachu,80,130,60,200,Charizard,130,180,130,167,0,1,1,125
China,255,255,170,10,Mexico,200,150,40,30,1,2,382,2
Pikachu,80,130,60,200,China,255,255,170,10,0,1,1,211
Charizard,130,180,130,167,Pikachu,80,130,60,200,1,1,122,1
Pikachu,80,130,60,200,Batman,100,110,130,90,0,2,2,103
Hulk,220,230,180,80,Mexico,200,150,40,30,1,2,346,1
Charizard,130,180,130,167,Batman,100,110,130,90,1,2,110,1
China,255,255,170,10,Mexico,200,150,40,30,1,1,200,1
Charizard,130,180,130,167,Pikachu,80,130,60,200,1,1,123,1
Pikachu,80,130,60,200,Hulk,220,230,180,80,0,1,1,175
Pikachu,80,130,60,200,Charizard,130,180,130,167,0,1,1,134
Pikachu,80,130,60,200,Hulk,220,230,180,80,0,1,1,163
Charizard,130,180,130,167,China,255,255,170,10,0,1,9,136
China,255,255,170,10,Pikachu,80,130,60,200,1,1,202,1
Charizard,130,180,130,167,China,255,255,170,10,0,2,21,255
Charizard,130,180,130,167,Mexico,200,150,40,30,1,2,262,18
Batman,100,110,130,90,Pikachu,80,130,60,200,1,2,105,2
Batman,100,110,130,90,Hulk,220,230,180,80,0,1,1,101
Mexico,200,150,40,30,Pikachu,80,130,60,200,1,2,167,159
Charizard,130,180,130,167,Hulk,220,230,180,80,0,2,2,183
Charizard,130,180,130,167,Pikachu,80,130,60,200,1,1,136,1
Mexico,200,150,40,30,Hulk,220,230,180,80,0,2,1,370
Batman,100,110,130,90,Mexico,200,150,40,30,1,3,217,45
Mexico,200,150,40,30,Charizard,130,180,130,167,0,2,22,276
China,255,255,170,10,Pikachu,80,130,60,200,1,1,211,1
Mexico,200,150,40,30,Charizard,130,180,130,167,0,2,23,291
China,255,255,170,10,Hulk,220,230,180,80,1,4,288,234
Pikachu,80,130,60,200,China,255,255,170,10,0,1,1,168
Batman,100,110,130,90,Mexico,200,150,40,30,1,3,229,40
Mexico,200,150,40,30,China,255,255,170,10,0,2,2,428
Mexico,200,150,40,30,Charizard,130,180,130,167,0,2,21,257
Mexico,200,150,40,30,Pikachu,80,130,60,200,1,1,95,77
Hulk,220,230,180,80,Mexico,200,150,40,30,1,2,354,1
Charizard,130,180,130,167,Batman,100,110,130,90,1,3,140,2
Hulk,220,230,180,80,Batman,100,110,130,90,1,1,109,1
Hulk,220,230,180,80,Pikachu,80,130,60,200,1,1,177,1
Hulk,220,230,180,80,China,255,255,170,10,0,3,172,239
China,255,255,170,10,Pikachu,80,130,60,200,1,1,176,1
Mexico,200,150,40,30,Batman,100,110,130,90,0,3,41,210
Pikachu,80,130,60,200,China,255,255,170,10,0,1,1,215
China,255,255,170,10,Pikachu,80,130,60,200,1,1,219,1
Pikachu,80,130,60,200,Mexico,200,150,40,30,0,2,173,176
Hulk,220,230,180,80,Mexico,200,150,40,30,1,2,361,1
Batman,100,110,130,90,Mexico,200,150,40,30,1,3,206,40
Hulk,220,230,180,80,Pikachu,80,130,60,200,1,1,192,1
Pikachu,80,130,60,200,Hulk,220,230,180,80,0,1,1,187
Charizard,130,180,130,167,Pikachu,80,130,60,200,1,1,133,1
Hulk,220,230,180,80,China,255,255,170,10,0,3,185,224
Pikachu,80,130,60,200,Hulk,220,230,180,80,0,1,1,185
Pikachu,80,130,60,200,Hulk,220,230,180,80,0,1,1,148
Mexico,200,150,40,30,Batman,100,110,130,90,0,3,42,222
Pikachu,80,130,60,200,Charizard,130,180,130,167,0,1,1,107
Batman,100,110,130,90,China,255,255,170,10,0,1,1,131
Batman,100,110,130,90,Hulk,220,230,180,80,0,2,2,192
Hulk,220,230,180,80,China,255,255,170,10,0,4,235,299
Charizard,130,180,130,167,Pikachu,80,130,60,200,1,1,120,1
Charizard,130,180,130,167,Pikachu,80,130,60,200,1,1,119,1
China,255,255,170,10,Charizard,130,180,130,167,1,2,254,21
Batman,100,110,130,90,Mexico,200,150,40,30,1,3,214,37
Charizard,130,180,130,167,Hulk,220,230,180,80,0,2,2,201
Charizard,130,180,130,167,China,255,255,170,10,0,2,18,235
Batman,100,110,130,90,Pikachu,80,130,60,200,1,2,102,2
China,255,255,170,10,Charizard,130,180,130,167,1,2,243,19
Pikachu,80,130,60,200,Batman,100,110,130,90,0,2,2,99
Batman,100,110,130,90,Mexico,200,150,40,30,1,4,264,60
China,255,255,170,10,Charizard,130,180,130,167,1,2,249,20
Hulk,220,230,180,80,Pikachu,80,130,60,200,1,1,193,1
Charizard,130,180,130,167,Pikachu,80,130,60,200,1,1,103,1
Mexico,200,150,40,30,Charizard,130,180,130,167,0,2,18,251
Batman,100,110,130,90,China,255,255,170,10,0,1,1,110
Hulk,220,230,180,80,Mexico,200,150,40,30,1,2,363,1
Hulk,220,230,180,80,Mexico,200,150,40,30,1,1,202,0
Mexico,200,150,40,30,Pikachu,80,130,60,200,1,1,90,79
Hulk,220,230,180,80,Batman,100,110,130,90,1,2,186,2
Mexico,200,150,40,30,Pikachu,80,130,60,200,1,1,85,81
China,255,255,170,10,Charizard,130,180,130,167,1,1,131,11
China,255,255,170,10,Mexico,200,150,40,30,1,1,246,1
Pikachu,80,130,60,200,Charizard,130,180,130,167,0,1,1,133
Batman,100,110,130,90,Mexico,200,150,40,30,1,3,212,38
Pikachu,80,130,60,200,Batman,100,110,130,90,0,2,2,97
Charizard,130,180,130,167,Pikachu,80,130,60,200,1,1,131,1
Mexico,200,150,40,30,China,255,255,170,10,0,1,1,205
Batman,100,110,130,90,Mexico,200,150,40,30,1,3,208,41
Mexico,200,150,40,30,Batman,100,110,130,90,0,3,43,216
Hulk,220,230,180,80,Batman,100,110,130,90,1,2,197,2
Hulk,220,230,180,80,Charizard,130,180,130,167,1,2,192,2
China,255,255,170,10,Mexico,200,150,40,30,1,2,396,2
Pikachu,80,130,60,200,Mexico,200,150,40,30,0,1,100,95
China,255,255,170,10,Batman,100,110,130,90,1,1,140,1
Mexico,200,150,40,30,Hulk,220,230,180,80,0,2,1,402
Mexico,200,150,40,30,Charizard,130,180,130,167,0,2,20,254
Batman,100,110,130,90,Pikachu,80,130,60,200,1,2,103,2
Mexico,200,150,40,30,Pikachu,80,130,60,200,1,1,90,103
Hulk,220,230,180,80,Charizard,130,180,130,167,1,2,194,2
Hulk,220,230,180,80,Charizard,130,180,130,167,1,2,179,2
Pikachu,80,130,60,200,Charizard,130,180,130,167,0,1,1,123
Pikachu,80,130,60,200,China,255,255,170,10,0,1,1,191
Hulk,220,230,180,80,Pikachu,80,130,60,200,1,1,152,1
Mexico,200,150,40,30,Batman,100,110,130,90,0,3,40,201
Hulk,220,230,180,80,Charizard,130,180,130,167,1,2,199,2
Mexico,200,150,40,30,Charizard,130,180,130,167,0,2,21,290
Pikachu,80,130,60,200,Mexico,200,150,40,30,0,1,101,93
Charizard,130,180,130,167,Batman,100,110,130,90,1,2,104,1
Charizard,130,180,130,167,Hulk,220,230,180,80,0,2,2,191
Mexico,200,150,40,30,Batman,100,110,130,90,0,3,42,219
Pikachu,80,130,60,200,Charizard,130,180,130,167,0,1,1,127
Batman,100,110,130,90,Mexico,200,150,40,30,1,4,277,59
China,255,255,170,10,Pikachu,80,130,60,200,1,1,202,1
Mexico,200,150,40,30,Charizard,130,180,130,167,0,2,19,288
Batman,100,110,130,90,Mexico,200,150,40,30,1,4,262,65
Pikachu,80,130,60,200,Hulk,220,230,180,80,0,1,1,187
Hulk,220,230,180,80,Pikachu,80,130,60,200,1,1,149,1
Mexico,200,150,40,30,Batman,100,110,130,90,0,3,40,205
Hulk,220,230,180,80,Pikachu,80,130,60,200,1,1,171,1
Batman,100,110,130,90,China,255,255,170,10,0,1,1,140
Hulk,220,230,180,80,Charizard,130,180,130,167,1,2,179,2
China,255,255,170,10,Batman,100,110,130,90,1,1,111,1
Pikachu,80,130,60,200,Charizard,130,180,130,167,0,1,1,106
Pikachu,80,130,60,200,Charizard,130,180,130,167,0,1,1,119
Batman,100,110,130,90,China,255,255,170,10,0,1,1,141
Mexico,200,150,40,30,China,255,255,170,10,0,2,2,432
Mexico,200,150,40,30,Batman,100,110,130,90,0,3,42,219
Charizard,130,180,130,167,Hulk,220,230,180,80,0,2,2,212
Batman,100,110,130,90,Charizard,130,180,130,167,0,2,1,103
Batman,100,110,130,90,China,255,255,170,10,0,1,1,117
China,255,255,170,10,Pikachu,80,130,60,200,1,1,213,1
Charizard,130,180,130,167,Pikachu,80,130,60,200,1,1,106,1
China,255,255,170,10,Pikachu,80,130,60,200,1,1,168,1
Hulk,220,230,180,80,Batman,100,110,130,90,1,1,112,1
Mexico,200,150,40,30,Charizard,130,180,130,167,0,2,21,270
Charizard,130,180,130,167,Mexico,200,150,40,30,1,2,268,22
Hulk,220,230,180,80,Batman,100,110,130,90,1,2,183,2
Hulk,220,230,180,80,Batman,100,110,130,90,1,1,106,1
Charizard,130,180,130,167,Mexico,200,150,40,30,1,2,310,21
Pikachu,80,130,60,200,China,255,255,170,10,0,1,1,193
Hulk,220,230,180,80,Charizard,130,180,130,167,1,2,214,2
Charizard,130,180,130,167,Mexico,200,150,40,30,1,2,288,20
China,255,255,170,10,Pikachu,80,130,60,200,1,1,216,1
Charizard,130,180,130,167,Hulk,220,230,180,80,0,2,2,187
Charizard,130,180,130,167,Hulk,220,230,180,80,0,2,2,208
China,255,255,170,10,Pikachu,80,130,60,200,1,1,180,1
Pikachu,80,130,60,200,Hulk,220,230,180,80,0,1,1,164
Hulk,220,230,180,80,Pikachu,80,130,60,200,1,1,161,1
Hulk,220,230,180,80,China,255,255,170,10,0,3,175,228
Mexico,200,150,40,30,Charizard,130,180,130,167,0,2,18,280
Charizard,130,180,130,167,Pikachu,80,130,60,200,1,1,125,1
Hulk,220,230,180,80,Pikachu,80,130,60,200,1,1,186,1
Pikachu,80,130,60,200,Mexico,200,150,40,30,0,1,97,92
Pikachu,80,130,60,200,Mexico,200,150,40,30,0,1,82,96
Hulk,220,230,180,80,Batman,100,110,130,90,1,1,110,1
Batman,100,110,130,90,China,255,255,170,10,0,1,1,120
Batman,100,110,130,90,Charizard,130,180,130,167,0,2,1,107
Pikachu,80,130,60,200,Batman,100,110,130,90,0,2,2,98
Charizard,130,180,130,167,Pikachu,80,130,60,200,1,1,114,1
Charizard,130,180,130,167,Mexico,200,150,40,30,1,2,307,19
Pikachu,80,130,60,200,Charizard,130,180,130,167,0,1,1,105
Batman,100,110,130,90,Charizard,130,180,130,167,0,2,1,105
China,255,255,170,10,Batman,100,110,130,90,1,1,132,1
Pikachu,80,130,60,200,Batman,100,110,130,90,0,2,2,99
Mexico,200,150,40,30,China,255,255,170,10,0,1,1,204
Pikachu,80,130,60,200,Charizard,130,180,130,167,0,1,1,131
Mexico,200,150,40,30,Pikachu,80,130,60,200,1,2,179,185
Hulk,220,230,180,80,Pikachu,80,130,60,200,1,1,148,1
China,255,255,170,10,Batman,100,110,130,90,1,1,141,1
Batman,100,110,130,90,China,255,255,170,10,0,1,1,116
Pikachu,80,130,60,200,Hulk,220,230,180,80,0,1,1,170
Hulk,220,230,180,80,Mexico,200,150,40,30,1,2,396,1
Charizard,130,180,130,167,Pikachu,80,130,60,200,1,1,103,1
Charizard,130,180,130,167,Batman,100,110,130,90,1,2,105,1
Pikachu,80,130,60,200,Batman,100,110,130,90,0,2,2,92
Hulk,220,230,180,80,China,255,255,170,10,0,4,238,300
Charizard,130,180,130,167,Hulk,220,230,180,80,0,2,2,193
Batman,100,110,130,90,Hulk,220,230,180,80,0,1,1,109
Hulk,220,230,180,80,Charizard,130,180,130,167,1,2,177,2
Pikachu,80,130,60,200,Mexico,200,150,40,30,0,1,86,94
Charizard,130,180,130,167,Mexico,200,150,40,30,1,2,271,19
Hulk,220,230,180,80,Pikachu,80,130,60,200,1,1,192,1
Charizard,130,180,130,167,China,255,255,170,10,0,1,11,137
Charizard,130,180,130,167,China,255,255,170,10,0,1,11,142
Batman,100,110,130,90,Mexico,200,150,40,30,1,3,227,37
Pikachu,80,130,60,200,Hulk,220,230,180,80,0,1,1,165
Batman,100,110,130,90,China,255,255,170,10,0,1,1,114
Charizard,130,180,130,167,Batman,100,110,130,90,1,3,147,2
Charizard,130,180,130,167,Pikachu,80,130,60,200,1,1,127,1
Hulk,220,230,180,80,China,255,255,170,10,1,4,264,205
Pikachu,80,130,60,200,Mexico,200,150,40,30,0,1,100,87
Pikachu,80,130,60,200,China,255,255,170,10,0,1,1,168
Charizard,130,180,130,167,China,255,255,170,10,0,2,18,240
Batman,100,110,130,90,Mexico,200,150,40,30,1,3,231,41
Mexico,200,150,40,30,Batman,100,110,130,90,0,3,38,217
Hulk,220,230,180,80,Pikachu,80,130,60,200,1,1,173,1
Hulk,220,230,180,80,Mexico,200,150,40,30,1,1,210,0
Batman,100,110,130,90,China,255,255,170,10,0,1,1,133
Batman,100,110,130,90,Mexico,200,150,40,30,1,3,200,42
Pikachu,80,130,60,200,Mexico,200,150,40,30,0,1,98,102
Pikachu,80,130,60,200,Charizard,130,180,130,167,0,1,1,113
Batman,100,110,130,90,China,255,255,170,10,0,1,1,117
Mexico,200,150,40,30,Hulk,220,230,180,80,0,1,0,206
Batman,100,110,130,90,Pikachu,80,130,60,200,1,2,97,2
Charizard,130,180,130,167,China,255,255,170,10,0,2,20,265
China,255,255,170,10,Batman,100,110,130,90,1,1,108,1
Pikachu,80,130,60,200,Mexico,200,150,40,30,0,1,101,91
Pikachu,80,130,60,200,China,255,255,170,10,0,1,1,211
Mexico,200,150,40,30,Hulk,220,230,180,80,0,1,0,211
Charizard,130,180,130,167,Hulk,220,230,180,80,0,2,2,175
Pikachu,80,130,60,200,Hulk,220,230,180,80,0,1,1,170
China,255,255,170,10,Batman,100,110,130,90,1,1,127,1
Charizard,130,180,130,167,Pikachu,80,130,60,200,1,1,138,1
Mexico,200,150,40,30,Pikachu,80,130,60,200,1,1,100,95
Mexico,200,150,40,30,Batman,100,110,130,90,0,3,38,211
Batman,100,110,130,90,Pikachu,80,130,60,200,1,2,102,2
China,255,255,170,10,Pikachu,80,130,60,200,1,1,217,1
Charizard,130,180,130,167,Pikachu,80,130,60,200,1,1,130,1
Mexico,200,150,40,30,China,255,255,170,10,0,1,1,207
Mexico,200,150,40,30,Batman,100,110,130,90,0,4,55,262
Mexico,200,150,40,30,Batman,100,110,130,90,0,3,42,230
China,255,255,170,10,Batman,100,110,130,90,1,1,133,1
China,255,255,170,10,Pikachu,80,130,60,200,1,1,222,1
Charizard,130,180,130,167,Batman,100,110,130,90,1,2,101,1
China,255,255,170,10,Batman,100,110,130,90,1,1,138,1
Batman,100,110,130,90,Pikachu,80,130,60,200,1,2,99,2
Charizard,130,180,130,167,Batman,100,110,130,90,1,3,141,2
China,255,255,170,10,Mexico,200,150,40,30,1,2,420,2
China,255,255,170,10,Mexico,200,150,40,30,1,1,219,1
Pikachu,80,130,60,200,Mexico,200,150,40,30,0,1,94,93
China,255,255,170,10,Hulk,220,230,180,80,1,3,251,179
Hulk,220,230,180,80,Batman,100,110,130,90,1,1,103,1
Mexico,200,150,40,30,Hulk,220,230,180,80,0,2,1,364
Charizard,130,180,130,167,Batman,100,110,130,90,1,3,144,2
Charizard,130,180,130,167,Pikachu,80,130,60,200,1,1,130,1
Hulk,220,230,180,80,China,255,255,170,10,0,3,179,226
Charizard,130,180,130,167,Batman,100,110,130,90,1,2,112,1
Mexico,200,150,40,30,Charizard,130,180,130,167,0,2,20,285
Pikachu,80,130,60,200,Mexico,200,150,40,30,0,1,101,101
Batman,100,110,130,90,Hulk,220,230,180,80,0,1,1,115
Pikachu,80,130,60,200,Hulk,220,230,180,80,0,1,1,163
China,255,255,170,10,Hulk,220,230,180,80,1,3,241,185
Hulk,220,230,180,80,Batman,100,110,130,90,1,1,113,1
Pikachu,80,130,60,200,Charizard,130,180,130,167,0,1,1,123
Mexico,200,150,40,30,China,255,255,170,10,0,1,1,211
Batman,100,110,130,90,Hulk,220,230,180,80,0,1,1,108
Charizard,130,180,130,167,Mexico,200,150,40,30,1,2,281,17
Batman,100,110,130,90,Hulk,220,230,180,80,0,1,1,113
Mexico,200,150,40,30,Hulk,220,230,180,80,0,2,1,399
Pikachu,80,130,60,200,Charizard,130,180,130,167,0,1,1,112
Batman,100,110,130,90,Mexico,200,150,40,30,1,4,259,60
Mexico,200,150,40,30,Batman,100,110,130,90,0,3,41,212
Batman,100,110,130,90,Charizard,130,180,130,167,0,2,1,100
Batman,100,110,130,90,Hulk,220,230,180,80,0,2,2,171
Charizard,130,180,130,167,Mexico,200,150,40,30,1,2,309,20
Batman,100,110,130,90,Charizard,130,180,130,167,0,3,2,154
China,255,255,170,10,Hulk,220,230,180,80,1,3,222,176
Pikachu,80,130,60,200,Charizard,130,180,130,167,0,1,1,114
Batman,100,110,130,90,Mexico,200,150,40,30,1,3,209,43
Mexico,200,150,40,30,Pikachu,80,130,60,200,1,1,102,88
Batman,100,110,130,90,Mexico,200,150,40,30,1,3,219,41
Hulk,220,230,180,80,Pikachu,80,130,60,200,1,1,174,1
Charizard,130,180,130,167,Hulk,220,230,180,80,0,2,2,197
Mexico,200,150,40,30,Charizard,130,180,130,167,0,2,22,286
Hulk,220,230,180,80,Charizard,130,180,130,167,1,2,178,2
Charizard,130,180,130,167,Pikachu,80,130,60,200,1,1,111,1
China,255,255,170,10,Batman,100,110,130,90,1,1,119,1
Batman,100,110,130,90,Charizard,130,180,130,167,0,2,1,112
Hulk,220,230,180,80,China,255,255,170,10,0,3,178,223
Mexico,200,150,40,30,China,255,255,170,10,0,1,1,204
Hulk,220,230,180,80,China,255,255,170,10,0,3,174,220
China,255,255,170,10,Hulk,220,230,180,80,1,3,232,169
China,255,255,170,10,Pikachu,80,130,60,200,1,1,185,1
Hulk,220,230,180,80,Mexico,200,150,40,30,1,2,371,1
Mexico,200,150,40,30,Pikachu,80,130,60,200,1,1,96,84
Mexico,200,150,40,30,Pikachu,80,130,60,200,1,1,88,85
Batman,100,110,130,90,Charizard,130,180,130,167,0,3,2,147
Charizard,130,180,130,167,Batman,100,110,130,90,1,3,148,2
Mexico,200,150,40,30,Hulk,220,230,180,80,0,1,0,205
Batman,100,110,130,90,Pikachu,80,130,60,200,1,2,95,2
Charizard,130,180,130,167,Batman,100,110,130,90,1,3,143,2
China,255,255,170,10,Charizard,130,180,130,167,1,2,254,19
Batman,100,110,130,90,Pikachu,80,130,60,200,1,2,101,2
Pikachu,80,130,60,200,Charizard,130,180,130,167,0,1,1,127
Pikachu,80,130,60,200,Mexico,200,150,40,30,0,1,97,98
China,255,255,170,10,Hulk,220,230,180,80,1,3,226,161
Hulk,220,230,180,80,China,255,255,170,10,0,3,165,241
China,255,255,170,10,Charizard,130,180,130,167,1,1,138,11
Mexico,200,150,40,30,China,255,255,170,10,0,2,2,380
Mexico,200,150,40,30,Batman,100,110,130,90,0,3,42,201
China,255,255,170,10,Mexico,200,150,40,30,1,1,217,1
Charizard,130,180,130,167,China,255,255,170,10,0,2,19,245
Batman,100,110,130,90,Pikachu,80,130,60,200,1,2,105,2
China,255,255,170,10,Mexico,200,150,40,30,1,2,382,2
Hulk,220,230,180,80,Pikachu,80,130,60,200,1,1,153,1
China,255,255,170,10,Batman,100,110,130,90,1,1,112,1
Batman,100,110,130,90,China,255,255,170,10,0,1,1,138
Charizard,130,180,130,167,Pikachu,80,130,60,200,1,1,111,1
Mexico,200,150,40,30,Hulk,220,230,180,80,0,1,0,209
Pikachu,80,130,60,200,Mexico,200,150,40,30,0,1,95,93
Pikachu,80,130,60,200,Mexico,200,150,40,30,0,1,95,97
China,255,255,170,10,Batman,100,110,130,90,1,1,142,1
Charizard,130,180,130,167,Mexico,200,150,40,30,1,2,280,20
Hulk,220,230,180,80,Pikachu,80,130,60,200,1,1,166,1
Pikachu,80,130,60,200,China,255,255,170,10,0,1,1,167
Batman,100,110,130,90,Pikachu,80,130,60,200,1,2,92,2
China,255,255,170,10,Hulk,220,230,180,80,1,3,236,175
Mexico,200,150,40,30,Pikachu,80,130,60,200,1,1,84,88
Hulk,220,230,180,80,Mexico,200,150,40,30,1,2,374,1
Hulk,220,230,180,80,Charizard,130,180,130,167,1,2,204,2
Hulk,220,230,180,80,Mexico,200,150,40,30,1,2,379,1
Mexico,200,150,40,30,Charizard,130,180,130,167,0,2,21,265
Mexico,200,150,40,30,China,255,255,170,10,0,1,1,213
Pikachu,80,130,60,200,Mexico,200,150,40,30,0,1,95,82
Pikachu,80,130,60,200,Batman,100,110,130,90,0,2,2,95
Pikachu,80,130,60,200,Mexico,200,150,40,30,0,1,94,100
Mexico,200,150,40,30,Pikachu,80,130,60,200,1,1,84,102
China,255,255,170,10,Batman,100,110,130,90,1,1,120,1
China,255,255,170,10,Mexico,200,150,40,30,1,1,224,1
Charizard,130,180,130,167,Pikachu,80,130,60,200,1,1,106,1
Charizard,130,180,130,167,Mexico,200,150,40,30,1,2,250,20
Batman,100,110,130,90,Hulk,220,230,180,80,0,2,2,207
Batman,100,110,130,90,Mexico,200,150,40,30,1,3,216,43
Pikachu,80,130,60,200,Charizard,130,180,130,167,0,1,1,105
Batman,100,110,130,90,Charizard,130,180,130,167,0,3,2,145
Charizard,130,180,130,167,Batman,100,110,130,90,1,2,105,1
Mexico,200,150,40,30,Batman,100,110,130,90,0,3,40,217
Mexico,200,150,40,30,Hulk,220,230,180,80,0,1,0,209
Mexico,200,150,40,30,Batman,100,110,130,90,0,4,58,261
China,255,255,170,10,Batman,100,110,130,90,1,1,132,1
Mexico,200,150,40,30,Pikachu,80,130,60,200,1,1,88,92
Mexico,200,150,40,30,Charizard,130,180,130,167,0,2,19,259
Hulk,220,230,180,80,Mexico,200,150,40,30,1,1,203,0
Charizard,130,180,130,167,Batman,100,110,130,90,1,2,108,1
China,255,255,170,10,Mexico,200,150,40,30,1,1,231,1
Pikachu,80,130,60,200,Charizard,130,180,130,167,0,1,1,121
Pikachu,80,130,60,200,Batman,100,110,130,90,0,2,2,90
Pikachu,80,130,60,200,Batman,100,110,130,90,0,2,2,100
Hulk,220,230,180,80,Mexico,200,150,40,30,1,2,371,1
Pikachu,80,130,60,200,China,255,255,170,10,0,1,1,203
China,255,255,170,10,Charizard,130,180,130,167,1,1,139,10
Batman,100,110,130,90,Pikachu,80,130,60,200,1,2,88,2
Hulk,220,230,180,80,Charizard,130,180,130,167,1,2,199,2
Pikachu,80,130,60,200,China,255,255,170,10,0,1,1,169
Pikachu,80,130,60,200,Batman,100,110,130,90,0,2,2,109
Mexico,200,150,40,30,Hulk,220,230,180,80,0,1,0,213
Charizard,130,180,130,167,Batman,100,110,130,90,1,3,145,2
Hulk,220,230,180,80,Pikachu,80,130,60,200,1,1,187,1
Batman,100,110,130,90,Charizard,130,180,130,167,0,2,1,102
Mexico,200,150,40,30,Batman,100,110,130,90,0,3,41,204
Pikachu,80,130,60,200,Mexico,200,150,40,30,0,1,84,86
Mexico,200,150,40,30,China,255,255,170,10,0,1,1,228
Batman,100,110,130,90,China,255,255,170,10,0,1,1,141
Charizard,130,180,130,167,Pikachu,80,130,60,200,1,1,123,1
Pikachu,80,130,60,200,Charizard,130,180,130,167,0,1,1,110
Mexico,200,150,40,30,China,255,255,170,10,0,1,1,229
Charizard,130,180,130,167,Mexico,200,150,40,30,1,2,311,21
Charizard,130,180,130,167,Hulk,220,230,180,80,0,2,2,189
Batman,100,110,130,90,Mexico,200,150,40,30,1,3,213,40
Mexico,200,150,40,30,China,255,255,170,10,0,1,1,214
Batman,100,110,130,90,Mexico,200,150,40,30,1,3,213,42
Pikachu,80,130,60,200,Batman,100,110,130,90,0,2,2,104
Mexico,200,150,40,30,Hulk,220,230,180,80,0,2,1,363
Hulk,220,230,180,80,Mexico,200,150,40,30,1,2,343,1
China,255,255,170,10,Mexico,200,150,40,30,1,2,385,2
Charizard,130,180,130,167,China,255,255,170,10,0,2,20,248
Pikachu,80,130,60,200,Mexico,200,150,40,30,0,1,95,93
Pikachu,80,130,60,200,Charizard,130,180,130,167,0,1,1,114
Hulk,220,230,180,80,Pikachu,80,130,60,200,1,1,163,1
Charizard,130,180,130,167,China,255,255,170,10,0,1,10,134
China,255,255,170,10,Batman,100,110,130,90,1,1,128,1
China,255,255,170,10,Hulk,220,230,180,80,1,4,304,236
Charizard,130,180,130,167,Batman,100,110,130,90,1,3,142,2
Charizard,130,180,130,167,Batman,100,110,130,90,1,3,146,2
Batman,100,110,130,90,Charizard,130,180,130,167,0,2,1,101
Pikachu,80,130,60,200,Mexico,200,150,40,30,0,1,98,80
Mexico,200,150,40,30,China,255,255,170,10,0,1,1,212
Hulk,220,230,180,80,Charizard,130,180,130,167,1,2,181,2
Charizard,130,180,130,167,China,255,255,170,10,0,2,20,253
Mexico,200,150,40,30,Pikachu,80,130,60,200,1,1,86,89
China,255,255,170,10,Batman,100,110,130,90,1,1,132,1
China,255,255,170,10,Hulk,220,230,180,80,1,3,227,184
Charizard,130,180,130,167,China,255,255,170,10,0,1,11,140
Hulk,220,230,180,80,China,255,255,170,10,0,4,254,287
Charizard,130,180,130,167,Mexico,200,150,40,30,1,2,253,20
Batman,100,110,130,90,China,255,255,170,10,0,1,1,130
Charizard,130,180,130,167,China,255,255,170,10,0,2,19,233
Hulk,220,230,180,80,Charizard,130,180,130,167,1,2,204,2
Pikachu,80,130,60,200,Mexico,200,150,40,30,0,1,102,88
Charizard,130,180,130,167,China,255,255,170,10,0,1,11,138
China,255,255,170,10,Pikachu,80,130,60,200,1,1,209,1
Hulk,220,230,180,80,China,255,255,170,10,0,4,240,300
China,255,255,170,10,Hulk,220,230,180,80,1,3,231,183
China,255,255,170,10,Batman,100,110,130,90,1,1,124,1
Mexico,200,150,40,30,Batman,100,110,130,90,0,3,38,218
Hulk,220,230,180,80,Pikachu,80,130,60,200,1,1,162,1
Hulk,220,230,180,80,Batman,100,110,130,90,1,1,100,1
Batman,100,110,130,90,China,255,255,170,10,0,1,1,124
Pikachu,80,130,60,200,Hulk,220,230,180,80,0,1,1,168
Pikachu,80,130,60,200,Batman,100,110,130,90,0,2,2,93
Pikachu,80,130,60,200,Batman,100,110,130,90,0,2,2,96
Mexico,200,150,40,30,Pikachu,80,130,60,200,1,1,86,93
Pikachu,80,130,60,200,Batman,100,110,130,90,0,2,2,90
Hulk,220,230,180,80,Charizard,130,180,130,167,1,2,212,2
Hulk,220,230,180,80,Batman,100,110,130,90,1,1,110,1
Hulk,220,230,180,80,Batman,100,110,130,90,1,2,172,2
Batman,100,110,130,90,Pikachu,80,130,60,200,1,2,113,2
Hulk,220,230,180,80,Mexico,200,150,40,30,1,2,402,1
Mexico,200,150,40,30,Pikachu,80,130,60,200,1,1,88,99
Pikachu,80,130,60,200,Charizard,130,180,130,167,0,1,1,138
Batman,100,110,130,90,Hulk,220,230,180,80,0,1,1,109
Hulk,220,230,180,80,Pikachu,80,130,60,200,1,1,169,1
China,255,255,170,10,Mexico,200,150,40,30,1,1,233,1
Mexico,200,150,40,30,Batman,100,110,130,90,0,3,42,218
China,255,255,170,10,Charizard,130,180,130,167,1,2,238,18
Batman,100,110,130,90,Mexico,200,150,40,30,1,3,208,36
Hulk,220,230,180,80,Batman,100,110,130,90,1,1,103,1
Hulk,220,230,180,80,Batman,100,110,130,90,1,2,182,2
Mexico,200,150,40,30,Hulk,220,230,180,80,0,2,1,369
Hulk,220,230,180,80,China,255,255,170,10,0,3,170,232
Pikachu,80,130,60,200,China,255,255,170,10,0,1,1,186
Charizard,130,180,130,167,Batman,100,110,130,90,1,3,138,2
Batman,100,110,130,90,Hulk,220,230,180,80,0,2,2,211
Pikachu,80,130,60,200,Mexico,200,150,40,30,0,1,92,90
Charizard,130,180,130,167,China,255,255,170,10,0,2,21,249
Pikachu,80,130,60,200,China,255,255,170,10,0,1,1,224
Batman,100,110,130,90,Mexico,200,150,40,30,1,3,207,39
China,255,255,170,10,Mexico,200,150,40,30,1,1,210,1
Batman,100,110,130,90,Mexico,200,150,40,30,1,3,208,41
Hulk,220,230,180,80,Mexico,200,150,40,30,1,2,364,1
China,255,255,170,10,Hulk,220,230,180,80,1,4,292,251
China,255,255,170,10,Charizard,130,180,130,167,1,2,232,21
China,255,255,170,10,Hulk,220,230,180,80,1,4,280,230
Pikachu,80,130,60,200,Mexico,200,150,40,30,0,1,93,81
Hulk,220,230,180,80,China,255,255,170,10,0,3,179,235
Batman,100,110,130,90,Charizard,130,180,130,167,0,2,1,103
Charizard,130,180,130,167,Hulk,220,230,180,80,0,2,2,195
Pikachu,80,130,60,200,Hulk,220,230,180,80,0,1,1,168
Charizard,130,180,130,167,Batman,100,110,130,90,1,3,146,2
Batman,100,110,130,90,Mexico,200,150,40,30,1,3,204,43
Hulk,220,230,180,80,Pikachu,80,130,60,200,1,1,165,1
Batman,100,110,130,90,China,255,255,170,10,0,1,1,109
China,255,255,170,10,Mexico,200,150,40,30,1,1,217,1
Hulk,220,230,180,80,Batman,100,110,130,90,1,1,101,1
Pikachu,80,130,60,200,China,255,255,170,10,0,1,1,208
Mexico,200,150,40,30,China,255,255,170,10,0,1,1,230
Pikachu,80,130,60,200,Mexico,200,150,40,30,0,1,87,102
Hulk,220,230,180,80,China,255,255,170,10,0,4,232,286
China,255,255,170,10,Mexico,200,150,40,30,1,2,398,2
Mexico,200,150,40,30,Pikachu,80,130,60,200,1,1,96,89
Charizard,130,180,130,167,Mexico,200,150,40,30,1,2,266,21
China,255,255,170,10,Mexico,200,150,40,30,1,1,221,1
Charizard,130,180,130,167,Hulk,220,230,180,80,0,2,2,188
Hulk,220,230,180,80,Mexico,200,150,40,30,1,2,373,1
Mexico,200,150,40,30,China,255,255,170,10,0,1,1,226
Charizard,130,180,130,167,Hulk,220,230,180,80,0,2,2,198
Pikachu,80,130,60,200,Charizard,130,180,130,167,0,1,1,107
Pikachu,80,130,60,200,Mexico,200,150,40,30,0,1,86,90
Batman,100,110,130,90,China,255,255,170,10,0,1,1,140
Mexico,200,150,40,30,Charizard,130,180,130,167,0,2,20,285
China,255,255,170,10,Hulk,220,230,180,80,1,3,237,181
Pikachu,80,130,60,200,Mexico,200,150,40,30,0,1,83,82
Charizard,130,180,130,167,Mexico,200,150,40,30,1,2,269,21
Charizard,130,180,130,167,Mexico,200,150,40,30,1,2,286,20
Pikachu,80,130,60,200,Batman,100,110,130,90,0,2,2,97
Hulk,220,230,180,80,Pikachu,80,130,60,200,1,1,170,1
Mexico,200,150,40,30,Batman,100,110,130,90,0,3,39,227
China,255,255,170,10,Batman,100,110,130,90,1,1,115,1
Hulk,220,230,180,80,Charizard,130,180,130,167,1,2,211,2
China,255,255,170,10,Charizard,130,180,130,167,1,2,239,19
Charizard,130,180,130,167,Pikachu,80,130,60,200,1,1,107,1
Mexico,200,150,40,30,Pikachu,80,130,60,200,1,1,83,82
Batman,100,110,130,90,China,255,255,170,10,0,1,1,126
Pikachu,80,130,60,200,Mexico,200,150,40,30,0,2,187,166
China,255,255,170,10,Charizard,130,180,130,167,1,2,245,19
Pikachu,80,130,60,200,Batman,100,110,130,90,0,2,2,105
Hulk,220,230,180,80,Charizard,130,180,130,167,1,2,219,2
Mexico,200,150,40,30,China,255,255,170,10,0,1,1,215
Charizard,130,180,130,167,Mexico,200,150,40,30,1,2,299,20
Mexico,200,150,40,30,Hulk,220,230,180,80,0,1,0,211
Charizard,130,180,130,167,Mexico,200,150,40,30,1,2,263,20
China,255,255,170,10,Pikachu,80,130,60,200,1,1,221,1
China,255,255,170,10,Pikachu,80,130,60,200,1,1,223,1
China,255,255,170,10,Hulk,220,230,180,80,1,4,286,243
Charizard,130,180,130,167,Hulk,220,230,180,80,0,2,2,208
Mexico,200,150,40,30,Batman,100,110,130,90,0,3,39,222
Mexico,200,150,40,30,Charizard,130,180,130,167,0,2,19,253
Charizard,130,180,130,167,Batman,100,110,130,90,1,2,102,1
China,255,255,170,10,Batman,100,110,130,90,1,1,135,1
Mexico,200,150,40,30,Charizard,130,180,130,167,0,2,20,313
Mexico,200,150,40,30,Hulk,220,230,180,80,0,2,1,352
Hulk,220,230,180,80,Mexico,200,150,40,30,1,2,371,1
China,255,255,170,10,Pikachu,80,130,60,200,1,1,189,1
China,255,255,170,10,Mexico,200,150,40,30,1,2,392,2
Hulk,220,230,180,80,Charizard,130,180,130,167,1,2,203,2
Mexico,200,150,40,30,China,255,255,170,10,0,1,1,204
Batman,100,110,130,90,Charizard,130,180,130,167,0,2,1,103
Mexico,200,150,40,30,Pikachu,80,130,60,200,1,1,81,79
Hulk,220,230,180,80,China,255,255,170,10,0,3,201,235
Hulk,220,230,180,80,China,255,255,170,10,0,3,169,222
Batman,100,110,130,90,Mexico,200,150,40,30,1,4,274,64
Charizard,130,180,130,167,Hulk,220,230,180,80,0,2,2,200
Mexico,200,150,40,30,Batman,100,110,130,90,0,3,43,216
Charizard,130,180,130,167,Pikachu,80,130,60,200,1,1,127,1
Hulk,220,230,180,80,Mexico,200,150,40,30,1,1,216,0
Mexico,200,150,40,30,China,255,255,170,10,0,2,2,394
Mexico,200,150,40,30,Hulk,220,230,180,80,0,2,1,349
Batman,100,110,130,90,Pikachu,80,130,60,200,1,2,107,2
Pikachu,80,130,60,200,Batman,100,110,130,90,0,2,2,108
Pikachu,80,130,60,200,Batman,100,110,130,90,0,2,2,94
Mexico,200,150,40,30,Pikachu,80,130,60,200,1,1,92,96
Batman,100,110,130,90,Pikachu,80,130,60,200,1,2,98,2
China,255,255,170,10,Batman,100,110,130,90,1,1,113,1
Pikachu,80,130,60,200,China,255,255,170,10,0,1,1,193
Hulk,220,230,180,80,Charizard,130,180,130,167,1,2,182,2
Batman,100,110,130,90,China,255,255,170,10,0,1,1,121
Mexico,200,150,40,30,Pikachu,80,130,60,200,1,1,87,93
Pikachu,80,130,60,200,Charizard,130,180,130,167,0,1,1,107
Charizard,130,180,130,167,Batman,100,110,130,90,1,2,102,1
Hulk,220,230,180,80,Charizard,130,180,130,167,1,2,213,2
Batman,100,110,130,90,Charizard,130,180,130,167,0,3,2,143
Pikachu,80,130,60,200,Charizard,130,180,130,167,0,1,1,136
Mexico,200,150,40,30,Hulk,220,230,180,80,0,1,0,214
Hulk,220,230,180,80,Charizard,130,180,130,167,1,2,182,2
Charizard,130,180,130,167,Mexico,200,150,40,30,1,2,279,22
Pikachu,80,130,60,200,China,255,255,170,10,0,1,1,217
Hulk,220,230,180,80,Charizard,130,180,130,167,1,2,189,2
China,255,255,170,10,Batman,100,110,130,90,1,1,110,1
Charizard,130,180,130,167,Batman,100,110,130,90,1,2,100,1
Charizard,130,180,130,167,Pikachu,80,130,60,200,1,1,129,1
Mexico,200,150,40,30,Hulk,220,230,180,80,0,2,1,352
Batman,100,110,130,90,Mexico,200,150,40,30,1,3,216,37
China,255,255,170,10,Hulk,220,230,180,80,1,3,222,177
Hulk,220,230,180,80,Mexico,200,150,40,30,1,2,374,1
China,255,255,170,10,Hulk,220,230,180,80,1,3,252,167
Charizard,130,180,130,167,Batman,100,110,130,90,1,3,131,2
Batman,100,110,130,90,Charizard,130,180,130,167,0,2,1,103
China,255,255,170,10,Charizard,130,180,130,167,1,2,225,20
Hulk,220,230,180,80,Charizard,130,180,130,167,1,2,199,2
Charizard,130,180,130,167,Mexico,200,150,40,30,1,2,290,19
Batman,100,110,130,90,Mexico,200,150,40,30,1,4,263,55
Batman,100,110,130,90,China,255,255,170,10,0,1,1,133
Charizard,130,180,130,167,Hulk,220,230,180,80,0,2,2,193
Pikachu,80,130,60,200,Hulk,220,230,180,80,0,1,1,168
China,255,255,170,10,Batman,100,110,130,90,1,1,138,1
Hulk,220,230,180,80,Pikachu,80,130,60,200,1,1,168,1
Mexico,200,150,40,30,Charizard,130,180,130,167,0,2,20,292
Hulk,220,230,180,80,Pikachu,80,130,60,200,1,1,183,1
Batman,100,110,130,90,Charizard,130,180,130,167,0,3,2,151
Hulk,220,230,180,80,Pikachu,80,130,60,200,1,1,159,1
Batman,100,110,130,90,Pikachu,80,130,60,200,1,2,93,2
Hulk,220,230,180,80,China,255,255,170,10,0,3,189,226
China,255,255,170,10,Mexico,200,150,40,30,1,1,220,1
Pikachu,80,130,60,200,China,255,255,170,10,0,1,1,212
Charizard,130,180,130,167,Pikachu,80,130,60,200,1,1,103,1
Charizard,130,180,130,167,Hulk,220,230,180,80,0,2,2,196
Charizard,130,180,130,167,Batman,100,110,130,90,1,3,147,2
Hulk,220,230,180,80,Mexico,200,150,40,30,1,2,380,1
Charizard,130,180,130,167,Mexico,200,150,40,30,1,2,284,22
China,255,255,170,10,Pikachu,80,130,60,200,1,1,186,1
Batman,100,110,130,90,Mexico,200,150,40,30,1,4,265,60
Pikachu,80,130,60,200,Hulk,220,230,180,80,0,1,1,160
Mexico,200,150,40,30,Hulk,220,230,180,80,0,2,1,402
Batman,100,110,130,90,Charizard,130,180,130,167,0,2,1,105
Charizard,130,180,130,167,Hulk,220,230,180,80,0,2,2,199
Mexico,200,150,40,30,Batman,100,110,130,90,0,3,38,226
Mexico,200,150,40,30,Batman,100,110,130,90,0,4,60,270
Batman,100,110,130,90,Charizard,130,180,130,167,0,2,1,100
Batman,100,110,130,90,China,255,255,170,10,0,1,1,117
China,255,255,170,10,Mexico,200,150,40,30,1,1,216,1
China,255,255,170,10,Hulk,220,230,180,80,1,4,292,240
Batman,100,110,130,90,Hulk,220,230,180,80,0,2,2,176
Charizard,130,180,130,167,Hulk,220,230,180,80,0,2,2,193
Charizard,130,180,130,167,Mexico,200,150,40,30,1,2,253,23
China,255,255,170,10,Pikachu,80,130,60,200,1,1,200,1
Hulk,220,230,180,80,Charizard,130,180,130,167,1,2,184,2
Hulk,220,230,180,80,Pikachu,80,130,60,200,1,1,171,1
Hulk,220,230,180,80,Batman,100,110,130,90,1,1,105,1
Mexico,200,150,40,30,Pikachu,80,130,60,200,1,1,93,91
Charizard,130,180,130,167,Pikachu,80,130,60,200,1,1,129,1
Hulk,220,230,180,80,Mexico,200,150,40,30,1,1,211,0
Pikachu,80,130,60,200,China,255,255,170,10,0,1,1,181
Hulk,220,230,180,80,China,255,255,170,10,0,3,183,221
Batman,100,110,130,90,Pikachu,80,130,60,200,1,2,108,2
Charizard,130,180,130,167,China,255,255,170,10,0,1,11,142
China,255,255,170,10,Pikachu,80,130,60,200,1,1,216,1
Mexico,200,150,40,30,Hulk,220,230,180,80,0,1,0,213
Hulk,220,230,180,80,Batman,100,110,130,90,1,1,105,1
Mexico,200,150,40,30,Hulk,220,230,180,80,0,2,1,373
Charizard,130,180,130,167,Batman,100,110,130,90,1,2,102,1
Pikachu,80,130,60,200,China,255,255,170,10,0,1,1,215
China,255,255,170,10,Batman,100,110,130,90,1,1,141,1
China,255,255,170,10,Pikachu,80,130,60,200,1,1,200,1
Hulk,220,230,180,80,Pikachu,80,130,60,200,1,1,150,1
Charizard,130,180,130,167,Mexico,200,150,40,30,1,2,287,21
China,255,255,170,10,Pikachu,80,130,60,200,1,1,212,1
China,255,255,170,10,Batman,100,110,130,90,1,1,108,1
China,255,255,170,10,Hulk,220,230,180,80,0,4,194,260
Pikachu,80,130,60,200,China,255,255,170,10,0,1,1,181
Hulk,220,230,180,80,Mexico,200,150,40,30,1,2,359,1
Pikachu,80,130,60,200,Mexico,200,150,40,30,0,1,89,103
Mexico,200,150,40,30,Charizard,130,180,130,167,0,2,22,270
Mexico,200,150,40,30,China,255,255,170,10,0,1,1,233
Charizard,130,180,130,167,China,255,255,170,10,0,2,21,253
Charizard,130,180,130,167,Mexico,200,150,40,30,1,2,303,18
Hulk,220,230,180,80,China,255,255,170,10,0,3,167,227
Mexico,200,150,40,30,Hulk,220,230,180,80,0,1,0,207
Mexico,200,150,40,30,Charizard,130,180,130,167,0,2,19,283
Batman,100,110,130,90,Mexico,200,150,40,30,1,3,221,43
China,255,255,170,10,Batman,100,110,130,90,1,1,114,1
Pikachu,80,130,60,200,Batman,100,110,130,90,0,2,2,97
Mexico,200,150,40,30,Batman,100,110,130,90,0,3,40,210
Mexico,200,150,40,30,Batman,100,110,130,90,0,3,37,211
Batman,100,110,130,90,Charizard,130,180,130,167,0,2,1,103
Hulk,220,230,180,80,Charizard,130,180,130,167,1,2,183,2
Pikachu,80,130,60,200,Mexico,200,150,40,30,0,2,176,176
China,255,255,170,10,Batman,100,110,130,90,1,1,128,1
China,255,255,170,10,Charizard,130,180,130,167,1,2,268,21
China,255,255,170,10,Mexico,200,150,40,30,1,1,246,1
Mexico,200,150,40,30,China,255,255,170,10,0,1,1,241
Charizard,130,180,130,167,Mexico,200,150,40,30,1,2,290,17
Mexico,200,150,40,30,Charizard,130,180,130,167,0,2,20,275
Batman,100,110,130,90,China,255,255,170,10,0,1,1,110
Batman,100,110,130,90,Charizard,130,180,130,167,0,2,1,105
Batman,100,110,130,90,Charizard,130,180,130,167,0,3,2,142
China,255,255,170,10,Pikachu,80,130,60,200,1,1,176,1
Batman,100,110,130,90,China,255,255,170,10,0,1,1,108
Mexico,200,150,40,30,China,255,255,170,10,0,2,2,379
Hulk,220,230,180,80,Mexico,200,150,40,30,1,2,397,1
Hulk,220,230,180,80,Batman,100,110,130,90,1,1,106,1
Charizard,130,180,130,167,China,255,255,170,10,0,2,19,255
Mexico,200,150,40,30,Charizard,130,180,130,167,0,2,22,302
Charizard,130,180,130,167,Batman,100,110,130,90,1,2,112,1
Batman,100,110,130,90,Pikachu,80,130,60,200,1,2,105,2
Batman,100,110,130,90,Pikachu,80,130,60,200,1,2,99,2
Batman,100,110,130,90,Charizard,130,180,130,167,0,2,1,111
Hulk,220,230,180,80,Pikachu,80,130,60,200,1,1,149,1
China,255,255,170,10,Batman,100,110,130,90,1,1,132,1
China,255,255,170,10,Hulk,220,230,180,80,1,4,288,245
Charizard,130,180,130,167,Mexico,200,150,40,30,1,2,296,18
Hulk,220,230,180,80,Pikachu,80,130,60,200,1,1,183,1
Batman,100,110,130,90,Mexico,200,150,40,30,1,3,207,38
Charizard,130,180,130,167,Pikachu,80,130,60,200,1,1,121,1
Pikachu,80,130,60,200,Mexico,200,150,40,30,0,2,188,169
Pikachu,80,130,60,200,Charizard,130,180,130,167,0,1,1,124
Charizard,130,180,130,167,Batman,100,110,130,90,1,2,102,1
Charizard,130,180,130,167,Batman,100,110,130,90,1,3,151,2
Batman,100,110,130,90,Charizard,130,180,130,167,0,2,1,107
Batman,100,110,130,90,Pikachu,80,130,60,200,1,2,95,2
Charizard,130,180,130,167,Batman,100,110,130,90,1,2,100,1
Batman,100,110,130,90,Charizard,130,180,130,167,0,2,1,114
Hulk,220,230,180,80,Batman,100,110,130,90,1,1,109,1
Pikachu,80,130,60,200,Batman,100,110,130,90,0,2,2,103
China,255,255,170,10,Charizard,130,180,130,167,1,2,251,20
China,255,255,170,10,Batman,100,110,130,90,1,1,126,1
Hulk,220,230,180,80,Mexico,200,150,40,30,1,1,213,0
Batman,100,110,130,90,Hulk,220,230,180,80,0,1,1,101
Batman,100,110,130,90,Charizard,130,180,130,167,0,2,1,101
Mexico,200,150,40,30,China,255,255,170,10,0,1,1,207
China,255,255,170,10,Pikachu,80,130,60,200,1,1,185,1
China,255,255,170,10,Batman,100,110,130,90,1,1,125,1
Mexico,200,150,40,30,Pikachu,80,130,60,200,1,2,163,193
Batman,100,110,130,90,Hulk,220,230,180,80,0,1,1,104
Hulk,220,230,180,80,Pikachu,80,130,60,200,1,1,147,1
Mexico,200,150,40,30,China,255,255,170,10,0,1,1,245
Pikachu,80,130,60,200,China,255,255,170,10,0,1,1,196
Charizard,130,180,130,167,Batman,100,110,130,90,1,2,104,1
Pikachu,80,130,60,200,China,255,255,170,10,0,1,1,218
Hulk,220,230,180,80,Mexico,200,150,40,30,1,2,339,1
Hulk,220,230,180,80,Batman,100,110,130,90,1,1,113,1
Charizard,130,180,130,167,Pikachu,80,130,60,200,1,1,102,1
Charizard,130,180,130,167,Mexico,200,150,40,30,1,2,314,23
Mexico,200,150,40,30,China,255,255,170,10,0,2,2,418
China,255,255,170,10,Batman,100,110,130,90,1,1,140,1
Mexico,200,150,40,30,Charizard,130,180,130,167,0,2,21,315
China,255,255,170,10,Pikachu,80,130,60,200,1,1,190,1
Mexico,200,150,40,30,Charizard,130,180,130,167,0,2,20,297
Hulk,220,230,180,80,China,255,255,170,10,0,3,157,226
Charizard,130,180,130,167,China,255,255,170,10,0,2,18,260
Hulk,220,230,180,80,China,255,255,170,10,0,4,254,281
Pikachu,80,130,60,200,Batman,100,110,130,90,0,2,2,89
China,255,255,170,10,Pikachu,80,130,60,200,1,1,168,1
China,255,255,170,10,Charizard,130,180,130,167,1,1,132,9
Pikachu,80,130,60,200,Charizard,130,180,130,167,0,1,1,115
Hulk,220,230,180,80,Charizard,130,180,130,167,1,2,208,2
Charizard,130,180,130,167,Hulk,220,230,180,80,0,2,2,176
Mexico,200,150,40,30,Charizard,130,180,130,167,0,2,18,280
China,255,255,170,10,Hulk,220,230,180,80,1,4,300,219
Pikachu,80,130,60,200,Charizard,130,180,130,167,0,1,1,112
Charizard,130,180,130,167,Hulk,220,230,180,80,0,2,2,182
Batman,100,110,130,90,Hulk,220,230,180,80,0,1,1,107
Hulk,220,230,180,80,Mexico,200,150,40,30,1,2,350,1
Charizard,130,180,130,167,Pikachu,80,130,60,200,1,1,122,1
China,255,255,170,10,Batman,100,110,130,90,1,1,115,1
Hulk,220,230,180,80,Pikachu,80,130,60,200,1,1,148,1
Hulk,220,230,180,80,China,255,255,170,10,0,3,183,237
Hulk,220,230,180,80,China,255,255,170,10,1,4,260,213
Mexico,200,150,40,30,Charizard,130,180,130,167,0,2,21,251
China,255,255,170,10,Mexico,200,150,40,30,1,1,206,1
Pikachu,80,130,60,200,China,255,255,170,10,0,1,1,174
China,255,255,170,10,Hulk,220,230,180,80,1,3,221,185
China,255,255,170,10,Hulk,220,230,180,80,1,3,230,185
Hulk,220,230,180,80,China,255,255,170,10,0,3,169,241
Hulk,220,230,180,80,Batman,100,110,130,90,1,2,208,2
Mexico,200,150,40,30,Hulk,220,230,180,80,0,2,1,342
Hulk,220,230,180,80,China,255,255,170,10,0,3,173,229
Batman,100,110,130,90,Charizard,130,180,130,167,0,2,1,101
China,255,255,170,10,Pikachu,80,130,60,200,1,1,188,1
Hulk,220,230,180,80,Charizard,130,180,130,167,1,2,197,2
China,255,255,170,10,Batman,100,110,130,90,1,1,114,1
China,255,255,170,10,Mexico,200,150,40,30,1,1,239,1
Charizard,130,180,130,167,China,255,255,170,10,0,1,9,141
Batman,100,110,130,90,Hulk,220,230,180,80,0,1,1,111
Hulk,220,230,180,80,Pikachu,80,130,60,200,1,1,149,1
Pikachu,80,130,60,200,Hulk,220,230,180,80,0,1,1,149
Mexico,200,150,40,30,Charizard,130,180,130,167,0,2,23,282
Pikachu,80,130,60,200,Mexico,200,150,40,30,0,1,93,85
China,255,255,170,10,Hulk,220,230,180,80,1,3,234,167
Charizard,130,180,130,167,China,255,255,170,10,0,1,9,140
China,255,255,170,10,Charizard,130,180,130,167,1,1,130,10
Hulk,220,230,180,80,Mexico,200,150,40,30,1,1,201,0
Charizard,130,180,130,167,Pikachu,80,130,60,200,1,1,107,1
China,255,255,170,10,Pikachu,80,130,60,200,1,1,174,1
China,255,255,170,10,Hulk,220,230,180,80,1,3,232,175
Batman,100,110,130,90,Hulk,220,230,180,80,0,1,1,112
China,255,255,170,10,Batman,100,110,130,90,1,1,119,1
Pikachu,80,130,60,200,Mexico,200,150,40,30,0,1,78,80
Mexico,200,150,40,30,China,255,255,170,10,0,2,2,435
Charizard,130,180,130,167,Mexico,200,150,40,30,1,2,283,22
Mexico,200,150,40,30,Batman,100,110,130,90,0,3,41,233
Mexico,200,150,40,30,Hulk,220,230,180,80,0,2,1,363
Pikachu,80,130,60,200,China,255,255,170,10,0,1,1,176
Hulk,220,230,180,80,Charizard,130,180,130,167,1,2,188,2
Mexico,200,150,40,30,China,255,255,170,10,0,1,1,204
Pikachu,80,130,60,200,Charizard,130,180,130,167,0,1,1,135
Pikachu,80,130,60,200,Batman,100,110,130,90,0,2,2,96
Pikachu,80,130,60,200,Mexico,200,150,40,30,0,1,95,86
Batman,100,110,130,90,China,255,255,170,10,0,1,1,119
Mexico,200,150,40,30,Hulk,220,230,180,80,0,2,1,370
China,255,255,170,10,Pikachu,80,130,60,200,1,1,219,1
Batman,100,110,130,90,Pikachu,80,130,60,200,1,2,90,2
Charizard,130,180,130,167,Mexico,200,150,40,30,1,2,251,20
Pikachu,80,130,60,200,Hulk,220,230,180,80,0,1,1,145
Mexico,200,150,40,30,Batman,100,110,130,90,0,3,43,214
Mexico,200,150,40,30,Pikachu,80,130,60,200,1,2,179,173
Pikachu,80,130,60,200,Charizard,130,180,130,167,0,1,1,136
Pikachu,80,130,60,200,China,255,255,170,10,0,1,1,179
Pikachu,80,130,60,200,Hulk,220,230,180,80,0,1,1,176
Charizard,130,180,130,167,China,255,255,170,10,0,1,11,133
China,255,255,170,10,Batman,100,110,130,90,1,1,124,1
Hulk,220,230,180,80,Batman,100,110,130,90,1,2,172,2
Charizard,130,180,130,167,Hulk,220,230,180,80,0,2,2,202
Pikachu,80,130,60,200,Hulk,220,230,180,80,0,1,1,188
Charizard,130,180,130,167,Hulk,220,230,180,80,0,2,2,207
Hulk,220,230,180,80,Mexico,200,150,40,30,1,2,355,1
Charizard,130,180,130,167,Batman,100,110,130,90,1,3,141,2
Pikachu,80,130,60,200,Hulk,220,230,180,80,0,1,1,191
Pikachu,80,130,60,200,Batman,100,110,130,90,0,2,2,105
China,255,255,170,10,Pikachu,80,130,60,200,1,1,205,1
Mexico,200,150,40,30,Batman,100,110,130,90,0,3,43,230
Batman,100,110,130,90,Mexico,200,150,40,30,1,3,209,41
Mexico,200,150,40,30,China,255,255,170,10,0,1,1,247
Charizard,130,180,130,167,Hulk,220,230,180,80,0,2,2,185
China,255,255,170,10,Mexico,200,150,40,30,1,1,237,1
China,255,255,170,10,Hulk,220,230,180,80,1,3,239,179
Charizard,130,180,130,167,Mexico,200,150,40,30,1,2,260,22
Mexico,200,150,40,30,Pikachu,80,130,60,200,1,1,99,88
Charizard,130,180,130,167,Hulk,220,230,180,80,0,2,2,188
Charizard,130,180,130,167,Mexico,200,150,40,30,1,2,268,17
Mexico,200,150,40,30,Batman,100,110,130,90,0,3,38,206
Charizard,130,180,130,167,China,255,255,170,10,0,2,22,217
Mexico,200,150,40,30,China,255,255,170,10,0,2,2,407
Charizard,130,180,130,167,China,255,255,170,10,0,1,10,142
Hulk,220,230,180,80,Charizard,130,180,130,167,1,2,197,2
Batman,100,110,130,90,Charizard,130,180,130,167,0,3,2,142
Batman,100,110,130,90,China,255,255,170,10,0,1,1,123
China,255,255,170,10,Charizard,130,180,130,167,1,2,257,18
Mexico,200,150,40,30,China,255,255,170,10,0,1,1,219
Batman,100,110,130,90,Mexico,200,150,40,30,1,3,226,44
Charizard,130,180,130,167,Batman,100,110,130,90,1,3,154,2
Mexico,200,150,40,30,Batman,100,110,130,90,0,3,38,212
China,255,255,170,10,Batman,100,110,130,90,1,1,142,1
Hulk,220,230,180,80,Mexico,200,150,40,30,1,2,338,1
Mexico,200,150,40,30,Charizard,130,180,130,167,0,2,22,273
Charizard,130,180,130,167,Pikachu,80,130,60,200,1,1,132,1
China,255,255,170,10,Batman,100,110,130,90,1,1,116,1
Mexico,200,150,40,30,China,255,255,170,10,0,1,1,222
Batman,100,110,130,90,Charizard,130,180,130,167,0,2,1,112
Batman,100,110,130,90,Hulk,220,230,180,80,0,1,1,107
Hulk,220,230,180,80,Charizard,130,180,130,167,1,2,196,2
Hulk,220,230,180,80,Pikachu,80,130,60,200,1,1,155,1
Mexico,200,150,40,30,Pikachu,80,130,60,200,1,1,94,77
China,255,255,170,10,Pikachu,80,130,60,200,1,1,211,1
Charizard,130,180,130,167,China,255,255,170,10,0,2,20,262
Pikachu,80,130,60,200,Mexico,200,150,40,30,0,1,89,82
Batman,100,110,130,90,China,255,255,170,10,0,1,1,128
Mexico,200,150,40,30,Pikachu,80,130,60,200,1,1,100,80
Batman,100,110,130,90,China,255,255,170,10,0,1,1,118
Hulk,220,230,180,80,China,255,255,170,10,0,3,181,234
Pikachu,80,130,60,200,Mexico,200,150,40,30,0,1,85,97
Pikachu,80,130,60,200,Batman,100,110,130,90,0,2,2,96
Pikachu,80,130,60,200,Charizard,130,180,130,167,0,1,1,121
Hulk,220,230,180,80,Charizard,130,180,130,167,1,2,183,2
Mexico,200,150,40,30,Pikachu,80,130,60,200,1,1,91,90
Batman,100,110,130,90,China,255,255,170,10,0,1,1,121
Charizard,130,180,130,167,Batman,100,110,130,90,1,2,104,1
Pikachu,80,130,60,200,Mexico,200,150,40,30,0,2,178,155
Hulk,220,230,180,80,Charizard,130,180,130,167,1,2,199,2
Charizard,130,180,130,167,Batman,100,110,130,90,1,3,149,2
Mexico,200,150,40,30,China,255,255,170,10,0,1,1,229
China,255,255,170,10,Batman,100,110,130,90,1,1,114,1
Pikachu,80,130,60,200,Charizard,130,180,130,167,0,1,1,120
Mexico,200,150,40,30,Pikachu,80,130,60,200,1,1,86,92
Charizard,130,180,130,167,China,255,255,170,10,0,2,20,260
Mexico,200,150,40,30,Hulk,220,230,180,80,0,2,1,364
Charizard,130,180,130,167,Batman,100,110,130,90,1,2,102,1
China,255,255,170,10,Pikachu,80,130,60,200,1,1,192,1
China,255,255,170,10,Batman,100,110,130,90,1,1,131,1
China,255,255,170,10,Charizard,130,180,130,167,1,2,242,20
Charizard,130,180,130,167,Hulk,220,230,180,80,0,2,2,213
Charizard,130,180,130,167,Batman,100,110,130,90,1,3,149,2
Mexico,200,150,40,30,Charizard,130,180,130,167,0,2,19,268
Charizard,130,180,130,167,Mexico,200,150,40,30,1,2,263,23
Mexico,200,150,40,30,China,255,255,170,10,0,1,1,222
Charizard,130,180,130,167,China,255,255,170,10,0,2,21,260
Charizard,130,180,130,167,Pikachu,80,130,60,200,1,1,134,1
Pikachu,80,130,60,200,Batman,100,110,130,90,0,2,2,86
China,255,255,170,10,Hulk,220,230,180,80,1,3,243,180
Hulk,220,230,180,80,Mexico,200,150,40,30,1,2,329,1
Pikachu,80,130,60,200,Hulk,220,230,180,80,0,1,1,158
Charizard,130,180,130,167,Pikachu,80,130,60,200,1,1,129,1
Hulk,220,230,180,80,Pikachu,80,130,60,200,1,1,192,1
Charizard,130,180,130,167,Pikachu,80,130,60,200,1,1,128,1
China,255,255,170,10,Batman,100,110,130,90,1,1,116,1
Pikachu,80,130,60,200,Batman,100,110,130,90,0,2,2,96
Hulk,220,230,180,80,China,255,255,170,10,0,3,187,225
Pikachu,80,130,60,200,Hulk,220,230,180,80,0,1,1,189
Hulk,220,230,180,80,Mexico,200,150,40,30,1,1,202,0
Charizard,130,180,130,167,Mexico,200,150,40,30,1,2,276,19
Charizard,130,180,130,167,China,255,255,170,10,0,1,11,144
Pikachu,80,130,60,200,Batman,100,110,130,90,0,2,2,99
Charizard,130,180,130,167,Pikachu,80,130,60,200,1,1,105,1
Mexico,200,150,40,30,China,255,255,170,10,0,1,1,218
Mexico,200,150,40,30,Hulk,220,230,180,80,0,1,0,203
Batman,100,110,130,90,Charizard,130,180,130,167,0,3,2,144
Mexico,200,150,40,30,Hulk,220,230,180,80,0,2,1,382
Hulk,220,230,180,80,Batman,100,110,130,90,1,1,114,1
Pikachu,80,130,60,200,Batman,100,110,130,90,0,2,2,97
China,255,255,170,10,Batman,100,110,130,90,1,1,112,1
Pikachu,80,130,60,200,Mexico,200,150,40,30,0,1,90,100
Hulk,220,230,180,80,Charizard,130,180,130,167,1,2,191,2
Batman,100,110,130,90,Charizard,130,180,130,167,0,2,1,112
China,255,255,170,10,Pikachu,80,130,60,200,1,1,217,1
Batman,100,110,130,90,Hulk,220,230,180,80,0,2,2,201
Hulk,220,230,180,80,Charizard,130,180,130,167,1,2,206,2
Mexico,200,150,40,30,Hulk,220,230,180,80,0,2,1,392
China,255,255,170,10,Charizard,130,180,130,167,1,1,134,10
Hulk,220,230,180,80,Pikachu,80,130,60,200,1,1,177,1
Charizard,130,180,130,167,Hulk,220,230,180,80,0,2,2,221
China,255,255,170,10,Charizard,130,180,130,167,1,1,132,11
Mexico,200,150,40,30,Charizard,130,180,130,167,0,2,19,279
Hulk,220,230,180,80,Pikachu,80,130,60,200,1,1,154,1
Pikachu,80,130,60,200,Hulk,220,230,180,80,0,1,1,155
Hulk,220,230,180,80,Pikachu,80,130,60,200,1,1,168,1
Pikachu,80,130,60,200,China,255,255,170,10,0,1,1,204
Pikachu,80,130,60,200,Batman,100,110,130,90,0,2,2,97
Batman,100,110,130,90,China,255,255,170,10,0,1,1,129
Hulk,220,230,180,80,China,255,255,170,10,0,3,186,227
Batman,100,110,130,90,Pikachu,80,130,60,200,1,2,108,2
Hulk,220,230,180,80,China,255,255,170,10,0,3,190,222
Pikachu,80,130,60,200,Hulk,220,230,180,80,0,1,1,187
Hulk,220,230,180,80,Pikachu,80,130,60,200,1,1,183,1
Charizard,130,180,130,167,Batman,100,110,130,90,1,2,104,1
Hulk,220,230,180,80,China,255,255,170,10,0,3,173,221
Batman,100,110,130,90,China,255,255,170,10,0,1,1,113
Mexico,200,150,40,30,Batman,100,110,130,90,0,3,40,213
Hulk,220,230,180,80,Batman,100,110,130,90,1,1,112,1
Mexico,200,150,40,30,Charizard,130,180,130,167,0,2,21,258
Hulk,220,230,180,80,Charizard,130,180,130,167,1,2,179,2
China,255,255,170,10,Charizard,130,180,130,167,1,2,227,20
Hulk,220,230,180,80,Batman,100,110,130,90,1,2,198,2
Pikachu,80,130,60,200,Hulk,220,230,180,80,0,1,1,151
Batman,100,110,130,90,Hulk,220,230,180,80,0,1,1,100
Hulk,220,230,180,80,China,255,255,170,10,0,3,167,228
Mexico,200,150,40,30,China,255,255,170,10,0,1,1,210
Pikachu,80,130,60,200,Hulk,220,230,180,80,0,1,1,193
Mexico,200,150,40,30,China,255,255,170,10,0,1,1,242
Charizard,130,180,130,167,Pikachu,80,130,60,200,1,1,105,1
Charizard,130,180,130,167,Hulk,220,230,180,80,0,2,2,208
Pikachu,80,130,60,200,Charizard,130,180,130,167,0,1,1,106
Pikachu,80,130,60,200,Charizard,130,180,130,167,0,1,1,113
Hulk,220,230,180,80,China,255,255,170,10,0,4,230,292
Charizard,130,180,130,167,Mexico,200,150,40,30,1,2,311,22
Charizard,130,180,130,167,China,255,255,170,10,0,2,19,241
Hulk,220,230,180,80,Batman,100,110,130,90,1,2,198,2
Charizard,130,180,130,167,Pikachu,80,130,60,200,1,1,138,1
Pikachu,80,130,60,200,Batman,100,110,130,90,0,2,2,104
Charizard,130,180,130,167,Mexico,200,150,40,30,1,2,257,22
Mexico,200,150,40,30,China,255,255,170,10,0,1,1,226
Mexico,200,150,40,30,China,255,255,170,10,0,1,1,237
Charizard,130,180,130,167,Hulk,220,230,180,80,0,2,2,210
Hulk,220,230,180,80,Charizard,130,180,130,167,1,2,188,2
Batman,100,110,130,90,Pikachu,80,130,60,200,1,2,105,2
Hulk,220,230,180,80,Pikachu,80,130,60,200,1,1,165,1
China,255,255,170,10,Mexico,200,150,40,30,1,1,217,1
Mexico,200,150,40,30,Hulk,220,230,180,80,0,1,0,210
China,255,255,170,10,Batman,100,110,130,90,1,1,135,1
Hulk,220,230,180,80,Batman,100,110,130,90,1,1,113,1
Batman,100,110,130,90,Hulk,220,230,180,80,0,1,1,102
China,255,255,170,10,Mexico,200,150,40,30,1,1,214,1
Mexico,200,150,40,30,Batman,100,110,130,90,0,3,40,200
Mexico,200,150,40,30,Batman,100,110,130,90,0,3,41,220
Mexico,200,150,40,30,Hulk,220,230,180,80,0,2,1,372
Mexico,200,150,40,30,Hulk,220,230,180,80,0,2,1,368
Batman,100,110,130,90,Charizard,130,180,130,167,0,2,1,100
Hulk,220,230,180,80,Mexico,200,150,40,30,1,1,202,0
Batman,100,110,130,90,Mexico,200,150,40,30,1,3,209,38
Mexico,200,150,40,30,Charizard,130,180,130,167,0,2,22,282
Charizard,130,180,130,167,China,255,255,170,10,0,2,21,262
China,255,255,170,10,Batman,100,110,130,90,1,1,116,1
Pikachu,80,130,60,200,Mexico,200,150,40,30,0,1,80,87
Batman,100,110,130,90,China,255,255,170,10,0,1,1,113
Mexico,200,150,40,30,China,255,255,170,10,0,1,1,247
Batman,100,110,130,90,Mexico,200,150,40,30,1,3,208,43
China,255,255,170,10,Batman,100,110,130,90,1,1,123,1
Mexico,200,150,40,30,Pikachu,80,130,60,200,1,1,80,80
Pikachu,80,130,60,200,Hulk,220,230,180,80,0,1,1,159
Batman,100,110,130,90,Hulk,220,230,180,80,0,1,1,109
Hulk,220,230,180,80,China,255,255,170,10,0,3,173,226
Mexico,200,150,40,30,Hulk,220,230,180,80,0,2,1,383
Batman,100,110,130,90,Mexico,200,150,40,30,1,3,215,36
Charizard,130,180,130,167,Hulk,220,230,180,80,0,2,2,213
Charizard,130,180,130,167,Pikachu,80,130,60,200,1,1,124,1
Mexico,200,150,40,30,China,255,255,170,10,0,2,2,397
Batman,100,110,130,90,Charizard,130,180,130,167,0,2,1,103
Pikachu,80,130,60,200,Charizard,130,180,130,167,0,1,1,118
Batman,100,110,130,90,China,255,255,170,10,0,1,1,115
Pikachu,80,130,60,200,China,255,255,170,10,0,1,1,192
Hulk,220,230,180,80,China,255,255,170,10,0,3,172,241
China,255,255,170,10,Batman,100,110,130,90,1,1,107,1
Batman,100,110,130,90,Hulk,220,230,180,80,0,2,2,187
Pikachu,80,130,60,200,Batman,100,110,130,90,0,2,2,102
Charizard,130,180,130,167,Mexico,200,150,40,30,1,2,283,19
Charizard,130,180,130,167,China,255,255,170,10,0,2,19,265
Charizard,130,180,130,167,Pikachu,80,130,60,200,1,1,131,1
China,255,255,170,10,Batman,100,110,130,90,1,1,121,1
China,255,255,170,10,Hulk,220,230,180,80,1,3,225,172
Mexico,200,150,40,30,China,255,255,170,10,0,2,2,413
Batman,100,110,130,90,Charizard,130,180,130,167,0,2,1,103
Charizard,130,180,130,167,Pikachu,80,130,60,200,1,1,108,1
Batman,100,110,130,90,Hulk,220,230,180,80,0,2,2,186
Mexico,200,150,40,30,Charizard,130,180,130,167,0,2,19,312
Charizard,130,180,130,167,China,255,255,170,10,0,2,18,236
Pikachu,80,130,60,200,Batman,100,110,130,90,0,2,2,111
Charizard,130,180,130,167,Mexico,200,150,40,30,1,2,299,23
Charizard,130,180,130,167,Pikachu,80,130,60,200,1,1,109,1
Hulk,220,230,180,80,Pikachu,80,130,60,200,1,1,150,1
Charizard,130,180,130,167,Batman,100,110,130,90,1,3,143,2
Charizard,130,180,130,167,Hulk,220,230,180,80,0,2,2,188
Pikachu,80,130,60,200,Batman,100,110,130,90,0,2,2,86
Charizard,130,180,130,167,Hulk,220,230,180,80,0,2,2,211
China,255,255,170,10,Charizard,130,180,130,167,1,1,133,10
Hulk,220,230,180,80,Charizard,130,180,130,167,1,2,217,2
Charizard,130,180,130,167,Pikachu,80,130,60,200,1,1,121,1
China,255,255,170,10,Hulk,220,230,180,80,1,3,229,191
Batman,100,110,130,90,Hulk,220,230,180,80,0,1,1,107
Mexico,200,150,40,30,Batman,100,110,130,90,0,3,36,217
Pikachu,80,130,60,200,Batman,100,110,130,90,0,2,2,111
China,255,255,170,10,Hulk,220,230,180,80,1,3,226,171
Charizard,130,180,130,167,China,255,255,170,10,0,1,11,136
Hulk,220,230,180,80,Charizard,130,180,130,167,1,2,179,2
Charizard,130,180,130,167,China,255,255,170,10,0,2,20,241
Charizard,130,180,130,167,China,255,255,170,10,0,1,9,142
Charizard,130,180,130,167,Hulk,220,230,180,80,0,2,2,200
China,255,255,170,10,Hulk,220,230,180,80,1,3,229,185
Pikachu,80,130,60,200,China,255,255,170,10,0,1,1,185
Mexico,200,150,40,30,Batman,100,110,130,90,0,4,61,255
Batman,100,110,130,90,Mexico,200,150,40,30,1,3,209,39
Mexico,200,150,40,30,Hulk,220,230,180,80,0,2,1,333
China,255,255,170,10,Hulk,220,230,180,80,1,3,226,186
Charizard,130,180,130,167,China,255,255,170,10,0,1,9,133
Hulk,220,230,180,80,Mexico,200,150,40,30,1,2,343,1
Batman,100,110,130,90,China,255,255,170,10,0,1,1,115
Pikachu,80,130,60,200,Mexico,200,150,40,30,0,1,77,80
China,255,255,170,10,Batman,100,110,130,90,1,1,136,1
Charizard,130,180,130,167,China,255,255,170,10,0,2,21,222
Pikachu,80,130,60,200,Charizard,130,180,130,167,0,1,1,112
China,255,255,170,10,Pikachu,80,130,60,200,1,1,219,1
Charizard,130,180,130,167,China,255,255,170,10,0,1,9,131
Mexico,200,150,40,30,Batman,100,110,130,90,0,3,42,216
Batman,100,110,130,90,Mexico,200,150,40,30,1,3,211,40
Batman,100,110,130,90,Mexico,200,150,40,30,1,3,210,44
Mexico,200,150,40,30,Hulk,220,230,180,80,0,1,0,215
Mexico,200,150,40,30,China,255,255,170,10,0,1,1,247
Pikachu,80,130,60,200,Batman,100,110,130,90,0,2,2,100
Charizard,130,180,130,167,Hulk,220,230,180,80,0,2,2,205
Hulk,220,230,180,80,Batman,100,110,130,90,1,2,199,2
Mexico,200,150,40,30,Pikachu,80,130,60,200,1,1,93,83
Hulk,220,230,180,80,Pikachu,80,130,60,200,1,1,192,1
Pikachu,80,130,60,200,China,255,255,170,10,0,1,1,191
China,255,255,170,10,Hulk,220,230,180,80,1,3,228,187
China,255,255,170,10,Batman,100,110,130,90,1,1,122,1
Charizard,130,180,130,167,Mexico,200,150,40,30,1,2,262,22
Batman,100,110,130,90,Mexico,200,150,40,30,1,3,209,39
Charizard,130,180,130,167,Batman,100,110,130,90,1,2,106,1
Hulk,220,230,180,80,Charizard,130,180,130,167,1,2,174,2
Mexico,200,150,40,30,Hulk,220,230,180,80,0,2,1,370
Mexico,200,150,40,30,Hulk,220,230,180,80,0,2,1,333
Pikachu,80,130,60,200,Batman,100,110,130,90,0,2,2,112
China,255,255,170,10,Pikachu,80,130,60,200,1,1,183,1
Batman,100,110,130,90,Pikachu,80,130,60,200,1,2,99,2
Mexico,200,150,40,30,Charizard,130,180,130,167,0,2,21,269
Batman,100,110,130,90,Charizard,130,180,130,167,0,2,1,108
Hulk,220,230,180,80,Charizard,130,180,130,167,1,2,209,2
Mexico,200,150,40,30,China,255,255,170,10,0,1,1,243
Mexico,200,150,40,30,Hulk,220,230,180,80,0,2,1,376
Pikachu,80,130,60,200,Hulk,220,230,180,80,0,1,1,189
Charizard,130,180,130,167,Pikachu,80,130,60,200,1,1,107,1
Hulk,220,230,180,80,Pikachu,80,130,60,200,1,1,161,1
